Zip,Population,County,State,WiredCount_2020,Fwcount_2020,AllProviderCount_2020,Wired25_3_2020,Wired100_3_2020,All25_3_2020,All100_3,TestCount,AverageMbps,FastestAverageMbps,%Access to Terrestrial Broadband,Lowest Priced Terrestrial Broadband Plan,WiredCount_2015,Fwcount_2015,AllProviderCount_2015,Wired25_3_2015,Wired100_3_2015,All25_3_2015,All100_3.1
23301,1831.0,Accomack,Virginia,4.0,2.0,11.0,2.0,2.0,5.0,3.0,826.0,19.57,46.58,67%,59.99,3.0,1.0,6.0,2.0,2.0,2.0,2.0
23303,741.0,Accomack,Virginia,3.0,2.0,10.0,1.0,1.0,3.0,1.0,0.0,0.0,0.0,94%,59.99,1.0,1.0,4.0,0.0,0.0,0.0,0.0
23306,1088.0,Accomack,Virginia,3.0,2.0,10.0,1.0,1.0,4.0,2.0,24.0,74.26,93.24,44%,59.99,2.0,2.0,6.0,1.0,1.0,1.0,1.0
23308,2106.0,Accomack,Virginia,3.0,4.0,12.0,1.0,1.0,4.0,2.0,2.0,223.15,223.15,46%,59.99,2.0,1.0,5.0,1.0,1.0,1.0,1.0
23336,2941.0,Accomack,Virginia,6.0,2.0,13.0,4.0,4.0,7.0,4.0,736.0,52.39,173.35,100%,59.99,4.0,1.0,7.0,2.0,2.0,2.0,2.0
23337,377.0,Accomack,Virginia,3.0,0.0,8.0,1.0,1.0,3.0,1.0,10.0,273.97,426.99,94%,59.99,2.0,1.0,5.0,1.0,1.0,1.0,1.0
23356,1246.0,Accomack,Virginia,3.0,2.0,10.0,1.0,1.0,4.0,1.0,8.0,25.87,84.4,100%,59.99,1.0,1.0,4.0,0.0,0.0,0.0,0.0
23395,645.0,Accomack,Virginia,3.0,2.0,10.0,2.0,2.0,5.0,2.0,20.0,4.1,5.08,64%,59.99,3.0,1.0,6.0,2.0,2.0,2.0,2.0
23410,2015.0,Accomack,Virginia,3.0,2.0,10.0,1.0,1.0,4.0,2.0,1616.0,2.75,5.17,63%,59.99,2.0,1.0,5.0,1.0,1.0,1.0,1.0
23415,1893.0,Accomack,Virginia,5.0,3.0,13.0,3.0,3.0,6.0,3.0,32.0,72.55,373.27,81%,59.99,2.0,1.0,5.0,1.0,1.0,1.0,1.0
23417,4047.0,Accomack,Virginia,4.0,3.0,12.0,2.0,2.0,6.0,3.0,8200.0,3.8,5.8,49%,59.99,3.0,2.0,7.0,2.0,2.0,2.0,2.0
23418,863.0,Accomack,Virginia,3.0,2.0,10.0,1.0,1.0,3.0,2.0,634.0,7.71,22.95,77%,59.99,2.0,1.0,5.0,1.0,1.0,1.0,1.0
23420,2376.0,Accomack,Virginia,3.0,3.0,11.0,1.0,1.0,4.0,2.0,28.0,1.75,4.41,40%,59.99,2.0,1.0,5.0,1.0,1.0,1.0,1.0
23421,4255.0,Accomack,Virginia,3.0,2.0,10.0,1.0,1.0,4.0,2.0,402.0,26.24,74.01,46%,59.99,2.0,1.0,5.0,1.0,1.0,1.0,1.0
22901,32532.0,Albemarle,Virginia,4.0,1.0,10.0,3.0,3.0,6.0,4.0,92012.0,75.16,223.38,99%,65.0,4.0,1.0,7.0,3.0,2.0,3.0,2.0
22904,4633.0,Albemarle,Virginia,3.0,1.0,9.0,3.0,2.0,6.0,3.0,9314.0,52.41,91.9,100%,65.0,2.0,1.0,5.0,1.0,1.0,1.0,1.0
22911,15971.0,Albemarle,Virginia,3.0,2.0,10.0,3.0,3.0,7.0,4.0,15614.0,44.52,127.79,99%,65.0,3.0,1.0,6.0,3.0,2.0,3.0,2.0
22932,7488.0,Albemarle,Virginia,3.0,3.0,11.0,3.0,3.0,7.0,4.0,3668.0,93.23,332.33,92%,65.0,2.0,2.0,6.0,2.0,1.0,2.0,1.0
22936,4853.0,Albemarle,Virginia,3.0,1.0,9.0,3.0,3.0,6.0,4.0,1230.0,14.35,27.53,100%,65.0,2.0,1.0,5.0,2.0,1.0,2.0,1.0
22940,1119.0,Albemarle,Virginia,2.0,1.0,8.0,2.0,2.0,5.0,3.0,520.0,18.22,39.49,88%,79.99,1.0,1.0,4.0,0.0,0.0,0.0,0.0
22942,8113.0,Albemarle,Virginia,4.0,3.0,12.0,2.0,1.0,6.0,2.0,7542.0,45.8,118.31,67%,79.99,4.0,2.0,8.0,2.0,1.0,2.0,1.0
22943,444.0,Albemarle,Virginia,1.0,2.0,8.0,1.0,1.0,4.0,2.0,132.0,41.24,71.0,89%,79.99,0.0,2.0,4.0,0.0,0.0,0.0,0.0
22947,4198.0,Albemarle,Virginia,3.0,2.0,10.0,3.0,3.0,7.0,4.0,894.0,23.22,59.35,86%,65.0,3.0,1.0,6.0,3.0,2.0,3.0,2.0
22959,1578.0,Albemarle,Virginia,2.0,1.0,8.0,2.0,2.0,5.0,3.0,184.0,14.21,36.61,62%,65.0,2.0,2.0,6.0,2.0,1.0,2.0,1.0
24590,8074.0,Albemarle,Virginia,3.0,1.0,10.0,3.0,3.0,6.0,4.0,3898.0,13.77,35.48,62%,65.0,2.0,2.0,6.0,1.0,1.0,1.0,1.0
22301,11162.0,Alexandria,Virginia,4.0,0.0,10.0,2.0,2.0,4.0,2.0,20380.0,137.5,487.36,100%,39.99,3.0,0.0,5.0,2.0,2.0,2.0,2.0
22302,16485.0,Alexandria,Virginia,5.0,0.0,11.0,3.0,3.0,5.0,3.0,32052.0,61.01,209.91,100%,39.99,4.0,1.0,7.0,3.0,3.0,3.0,3.0
22304,44300.0,Alexandria,Virginia,4.0,0.0,10.0,2.0,2.0,4.0,2.0,81156.0,133.8,340.19,99%,65.99,3.0,0.0,5.0,2.0,2.0,2.0,2.0
22305,15440.0,Alexandria,Virginia,5.0,1.0,12.0,3.0,3.0,6.0,4.0,11468.0,97.86,226.19,100%,39.99,3.0,0.0,5.0,2.0,2.0,2.0,2.0
22311,17560.0,Alexandria,Virginia,5.0,1.0,12.0,3.0,3.0,5.0,3.0,37314.0,123.19,319.73,100%,39.99,4.0,1.0,7.0,3.0,3.0,3.0,3.0
22314,29653.0,Alexandria,Virginia,5.0,0.0,11.0,3.0,3.0,5.0,3.0,101894.0,129.62,339.96,99%,39.99,3.0,0.0,5.0,2.0,2.0,2.0,2.0
24422,6315.0,Alleghany,Virginia,3.0,0.0,8.0,3.0,3.0,5.0,3.0,11314.0,37.35,61.85,99%,44.95,3.0,1.0,6.0,2.0,2.0,2.0,2.0
24426,14329.0,Alleghany,Virginia,3.0,0.0,9.0,3.0,3.0,5.0,4.0,15336.0,45.67,116.8,95%,44.95,3.0,1.0,6.0,3.0,2.0,3.0,2.0
23002,10439.0,Amelia,Virginia,4.0,2.0,11.0,3.0,3.0,6.0,3.0,11074.0,9.06,21.76,64%,66.95,3.0,1.0,6.0,2.0,0.0,2.0,0.0
23083,1732.0,Amelia,Virginia,2.0,2.0,10.0,1.0,1.0,4.0,1.0,246.0,24.19,59.1,83%,66.95,1.0,1.0,4.0,1.0,0.0,1.0,0.0
24521,10576.0,Amherst,Virginia,4.0,2.0,12.0,2.0,2.0,5.0,3.0,8184.0,7.06,14.9,96%,79.99,2.0,1.0,5.0,1.0,1.0,1.0,1.0
24572,16395.0,Amherst,Virginia,4.0,2.0,12.0,2.0,2.0,6.0,2.0,22048.0,33.99,93.1,97%,79.99,3.0,2.0,7.0,1.0,1.0,1.0,1.0
24574,3977.0,Amherst,Virginia,4.0,2.0,12.0,2.0,2.0,6.0,2.0,110.0,30.47,65.01,81%,60.0,2.0,2.0,6.0,1.0,1.0,1.0,1.0
24522,9213.0,Appomattox,Virginia,6.0,2.0,14.0,4.0,4.0,8.0,4.0,1460.0,8.41,22.43,84%,65.0,4.0,2.0,8.0,1.0,1.0,1.0,1.0
24593,1963.0,Appomattox,Virginia,3.0,2.0,11.0,2.0,2.0,6.0,2.0,80.0,8.42,20.43,56%,65.0,2.0,1.0,5.0,1.0,1.0,1.0,1.0
22201,33476.0,Arlington,Virginia,4.0,1.0,11.0,2.0,2.0,5.0,3.0,153180.0,140.28,361.03,100%,39.99,3.0,1.0,6.0,2.0,2.0,2.0,2.0
22202,22543.0,Arlington,Virginia,5.0,1.0,12.0,3.0,3.0,6.0,4.0,46878.0,227.48,622.69,98%,39.99,4.0,0.0,6.0,2.0,2.0,2.0,2.0
22203,21850.0,Arlington,Virginia,7.0,1.0,14.0,5.0,5.0,8.0,6.0,48400.0,85.48,270.96,100%,39.99,5.0,0.0,7.0,4.0,4.0,4.0,4.0
22204,47233.0,Arlington,Virginia,4.0,1.0,11.0,2.0,2.0,5.0,3.0,103354.0,134.18,332.71,100%,39.99,3.0,0.0,5.0,2.0,2.0,2.0,2.0
22205,17087.0,Arlington,Virginia,6.0,1.0,13.0,4.0,4.0,7.0,5.0,52006.0,152.4,393.29,100%,39.99,4.0,0.0,6.0,3.0,3.0,3.0,3.0
22206,19051.0,Arlington,Virginia,4.0,1.0,11.0,2.0,2.0,5.0,3.0,33566.0,54.44,136.64,97%,39.99,3.0,0.0,5.0,2.0,2.0,2.0,2.0
22207,30920.0,Arlington,Virginia,6.0,2.0,14.0,4.0,4.0,7.0,5.0,55538.0,149.98,394.97,100%,39.99,4.0,0.0,6.0,3.0,3.0,3.0,3.0
22209,12314.0,Arlington,Virginia,5.0,1.0,12.0,3.0,3.0,6.0,4.0,5102.0,61.56,151.46,100%,39.99,4.0,1.0,7.0,3.0,3.0,3.0,3.0
22211,648.0,Arlington,Virginia,3.0,1.0,10.0,1.0,1.0,4.0,2.0,0.0,0.0,0.0,95%,79.99,2.0,0.0,4.0,1.0,1.0,1.0,1.0
22213,2936.0,Arlington,Virginia,5.0,0.0,11.0,4.0,4.0,6.0,4.0,3144.0,58.93,119.31,100%,39.99,4.0,0.0,6.0,3.0,3.0,3.0,3.0
22214,0.0,Arlington,Virginia,2.0,0.0,8.0,1.0,1.0,3.0,1.0,14.0,16.09,41.59,0%,79.99,2.0,0.0,4.0,1.0,1.0,1.0,1.0
22843,2458.0,Augusta,Virginia,3.0,3.0,11.0,1.0,1.0,4.0,2.0,8.0,16.36,61.3,100%,79.99,2.0,2.0,6.0,0.0,0.0,0.0,0.0
22939,5398.0,Augusta,Virginia,5.0,3.0,13.0,3.0,3.0,6.0,4.0,7130.0,36.64,82.16,99%,44.95,4.0,2.0,8.0,2.0,2.0,2.0,2.0
22952,2029.0,Augusta,Virginia,3.0,4.0,12.0,3.0,3.0,7.0,4.0,3608.0,11.09,25.01,93%,44.95,2.0,2.0,6.0,1.0,1.0,1.0,1.0
24421,3868.0,Augusta,Virginia,5.0,3.0,13.0,3.0,3.0,6.0,4.0,30.0,2.14,4.87,100%,54.0,5.0,1.0,8.0,2.0,1.0,2.0,1.0
24430,2643.0,Augusta,Virginia,3.0,2.0,10.0,1.0,1.0,4.0,2.0,120.0,1.28,2.2,100%,79.99,3.0,1.0,6.0,1.0,1.0,1.0,1.0
24431,2656.0,Augusta,Virginia,5.0,3.0,13.0,3.0,2.0,6.0,3.0,3192.0,14.58,32.59,100%,44.95,5.0,1.0,8.0,1.0,1.0,1.0,1.0
24437,904.0,Augusta,Virginia,3.0,3.0,11.0,1.0,1.0,4.0,2.0,180.0,22.65,48.99,100%,79.99,3.0,1.0,6.0,1.0,1.0,1.0,1.0
24440,2916.0,Augusta,Virginia,3.0,3.0,11.0,1.0,1.0,4.0,2.0,5948.0,16.41,40.63,100%,79.99,2.0,1.0,5.0,1.0,1.0,1.0,1.0
24459,818.0,Augusta,Virginia,2.0,3.0,10.0,1.0,1.0,4.0,2.0,218.0,69.57,244.59,100%,60.0,1.0,1.0,4.0,0.0,0.0,0.0,0.0
24467,2212.0,Augusta,Virginia,4.0,3.0,12.0,1.0,1.0,4.0,2.0,38.0,2.79,7.87,100%,79.99,3.0,2.0,7.0,1.0,1.0,1.0,1.0
24476,280.0,Augusta,Virginia,1.0,3.0,9.0,1.0,1.0,4.0,2.0,2924.0,21.36,35.35,100%,79.99,1.0,1.0,4.0,1.0,1.0,1.0,1.0
24477,10573.0,Augusta,Virginia,5.0,3.0,13.0,3.0,3.0,6.0,4.0,3228.0,21.53,47.97,97%,44.95,4.0,1.0,7.0,2.0,2.0,2.0,2.0
24479,1537.0,Augusta,Virginia,3.0,3.0,11.0,2.0,2.0,5.0,3.0,58.0,1.59,4.7,100%,59.99,3.0,1.0,6.0,1.0,1.0,1.0,1.0
24482,4872.0,Augusta,Virginia,4.0,3.0,12.0,1.0,1.0,4.0,2.0,978.0,53.65,197.81,100%,79.99,3.0,1.0,6.0,1.0,1.0,1.0,1.0
24486,3490.0,Augusta,Virginia,4.0,3.0,12.0,1.0,1.0,4.0,2.0,118.0,52.56,89.74,100%,79.99,3.0,2.0,7.0,1.0,1.0,1.0,1.0
24445,2673.0,Bath,Virginia,7.0,1.0,13.0,6.0,6.0,9.0,6.0,3952.0,8.71,11.92,84%,54.0,6.0,1.0,9.0,4.0,2.0,4.0,2.0
24460,1530.0,Bath,Virginia,6.0,2.0,13.0,4.0,3.0,7.0,4.0,2524.0,15.79,39.87,74%,54.0,5.0,1.0,8.0,2.0,0.0,2.0,0.0
24487,320.0,Bath,Virginia,3.0,1.0,9.0,2.0,1.0,5.0,2.0,10.0,4.19,9.94,80%,54.0,2.0,1.0,5.0,0.0,0.0,0.0,0.0
24095,4677.0,Bedford,Virginia,3.0,1.0,10.0,1.0,1.0,4.0,1.0,5108.0,44.44,87.14,65%,79.99,2.0,1.0,5.0,1.0,1.0,1.0,1.0
24104,3469.0,Bedford,Virginia,4.0,2.0,12.0,1.0,1.0,5.0,1.0,514.0,4.55,11.47,55%,75.0,3.0,2.0,7.0,1.0,1.0,1.0,1.0
24121,10501.0,Bedford,Virginia,6.0,2.0,14.0,4.0,3.0,8.0,3.0,30126.0,40.36,113.99,87%,65.0,4.0,1.0,7.0,2.0,2.0,2.0,2.0
24122,1683.0,Bedford,Virginia,3.0,2.0,11.0,1.0,1.0,5.0,1.0,1930.0,23.83,75.48,55%,75.0,2.0,1.0,5.0,1.0,1.0,1.0,1.0
24174,2539.0,Bedford,Virginia,3.0,2.0,11.0,1.0,1.0,5.0,1.0,7166.0,106.28,288.1,83%,75.0,2.0,1.0,5.0,1.0,1.0,1.0,1.0
24523,18952.0,Bedford,Virginia,4.0,2.0,12.0,2.0,2.0,6.0,2.0,15668.0,31.43,68.03,80%,65.0,3.0,1.0,6.0,2.0,2.0,2.0,2.0
24526,1593.0,Bedford,Virginia,1.0,2.0,9.0,0.0,0.0,4.0,0.0,14.0,33.51,71.28,20%,75.0,1.0,0.0,3.0,0.0,0.0,0.0,0.0
24551,20667.0,Bedford,Virginia,5.0,3.0,14.0,3.0,3.0,8.0,3.0,48348.0,41.81,128.21,95%,59.95,6.0,2.0,10.0,3.0,3.0,3.0,3.0
24556,3053.0,Bedford,Virginia,3.0,1.0,10.0,1.0,1.0,4.0,1.0,500.0,16.87,61.69,68%,65.0,2.0,1.0,5.0,1.0,1.0,1.0,1.0
24314,1560.0,Bland,Virginia,5.0,2.0,13.0,3.0,2.0,6.0,3.0,18.0,10.67,32.51,99%,45.95,4.0,2.0,8.0,2.0,2.0,3.0,2.0
24315,3774.0,Bland,Virginia,3.0,2.0,11.0,2.0,1.0,5.0,2.0,498.0,9.54,26.93,100%,45.95,3.0,1.0,6.0,1.0,1.0,2.0,1.0
24318,639.0,Bland,Virginia,2.0,1.0,9.0,2.0,1.0,5.0,2.0,0.0,0.0,0.0,100%,45.95,2.0,0.0,4.0,1.0,1.0,1.0,1.0
24366,781.0,Bland,Virginia,5.0,2.0,13.0,3.0,3.0,6.0,4.0,754.0,7.81,17.87,100%,40.0,3.0,2.0,7.0,2.0,2.0,3.0,2.0
24064,4963.0,Botetourt,Virginia,3.0,2.0,11.0,1.0,1.0,4.0,1.0,486.0,32.6,93.61,97%,79.99,2.0,1.0,5.0,1.0,1.0,1.0,1.0
24066,4883.0,Botetourt,Virginia,7.0,1.0,14.0,4.0,2.0,6.0,2.0,1730.0,31.47,94.48,40%,44.95,4.0,1.0,7.0,1.0,0.0,1.0,0.0
24077,932.0,Botetourt,Virginia,3.0,1.0,10.0,2.0,2.0,4.0,2.0,1958.0,39.43,128.29,99%,59.95,3.0,0.0,5.0,2.0,1.0,2.0,1.0
24083,2587.0,Botetourt,Virginia,3.0,1.0,10.0,3.0,2.0,5.0,3.0,5068.0,61.13,181.68,94%,44.95,3.0,0.0,5.0,2.0,2.0,2.0,2.0
24085,2182.0,Botetourt,Virginia,4.0,0.0,9.0,3.0,3.0,5.0,4.0,646.0,17.0,42.11,55%,44.95,4.0,1.0,7.0,3.0,1.0,3.0,1.0
24090,4781.0,Botetourt,Virginia,4.0,1.0,11.0,3.0,3.0,5.0,4.0,5458.0,37.49,107.82,57%,44.95,4.0,1.0,7.0,2.0,2.0,2.0,2.0
24175,8818.0,Botetourt,Virginia,4.0,1.0,11.0,3.0,3.0,5.0,4.0,20478.0,82.39,222.48,94%,44.95,4.0,0.0,6.0,2.0,2.0,2.0,2.0
24201,17116.0,Bristol,Virginia,6.0,0.0,11.0,6.0,6.0,8.0,6.0,36558.0,40.65,79.47,100%,45.95,4.0,0.0,6.0,4.0,3.0,4.0,3.0
23821,1597.0,Brunswick,Virginia,3.0,1.0,9.0,1.0,1.0,3.0,1.0,52.0,8.4,32.87,27%,65.0,3.0,1.0,6.0,1.0,1.0,1.0,1.0
23857,525.0,Brunswick,Virginia,2.0,1.0,8.0,1.0,1.0,3.0,1.0,16.0,1.09,2.86,15%,69.99,1.0,1.0,4.0,0.0,0.0,0.0,0.0
23868,7367.0,Brunswick,Virginia,3.0,1.0,9.0,1.0,1.0,3.0,1.0,782.0,42.66,85.22,45%,65.0,2.0,1.0,5.0,1.0,1.0,1.0,1.0
24239,113.0,Buchanan,Virginia,2.0,1.0,7.0,2.0,2.0,4.0,2.0,0.0,0.0,0.0,100%,45.95,1.0,0.0,3.0,1.0,1.0,1.0,1.0
24603,978.0,Buchanan,Virginia,4.0,1.0,9.0,4.0,4.0,6.0,4.0,20.0,61.82,112.77,100%,40.0,3.0,1.0,6.0,3.0,2.0,3.0,2.0
24614,8061.0,Buchanan,Virginia,7.0,1.0,12.0,4.0,4.0,6.0,4.0,6766.0,46.99,109.47,100%,45.95,5.0,1.0,8.0,3.0,2.0,3.0,2.0
24620,2774.0,Buchanan,Virginia,4.0,1.0,9.0,4.0,4.0,6.0,4.0,32.0,35.44,184.73,100%,45.95,2.0,1.0,5.0,2.0,1.0,2.0,1.0
24622,1028.0,Buchanan,Virginia,4.0,2.0,10.0,2.0,2.0,5.0,3.0,164.0,2.04,2.85,92%,45.95,2.0,1.0,5.0,1.0,0.0,1.0,0.0
24628,295.0,Buchanan,Virginia,2.0,1.0,7.0,2.0,2.0,4.0,2.0,0.0,0.0,0.0,100%,45.95,2.0,0.0,4.0,2.0,1.0,2.0,1.0
24631,2843.0,Buchanan,Virginia,4.0,1.0,9.0,3.0,3.0,5.0,3.0,1150.0,55.54,245.31,100%,45.95,2.0,1.0,5.0,1.0,0.0,1.0,0.0
24634,574.0,Buchanan,Virginia,3.0,1.0,8.0,3.0,3.0,5.0,3.0,0.0,0.0,0.0,100%,45.95,1.0,1.0,4.0,1.0,0.0,1.0,0.0
24646,750.0,Buchanan,Virginia,3.0,1.0,8.0,2.0,2.0,4.0,2.0,530.0,18.67,33.45,100%,45.95,2.0,0.0,4.0,1.0,1.0,1.0,1.0
24656,3404.0,Buchanan,Virginia,5.0,1.0,10.0,4.0,4.0,6.0,4.0,2544.0,67.62,116.12,100%,45.95,3.0,0.0,5.0,2.0,1.0,2.0,1.0
24657,321.0,Buchanan,Virginia,4.0,1.0,9.0,3.0,3.0,5.0,3.0,0.0,0.0,0.0,100%,45.95,2.0,1.0,5.0,1.0,0.0,1.0,0.0
23936,8212.0,Buckingham,Virginia,6.0,1.0,12.0,5.0,5.0,8.0,6.0,1086.0,42.64,130.86,27%,45.0,2.0,3.0,7.0,0.0,0.0,0.0,0.0
24416,8807.0,Buena Vista,Virginia,3.0,0.0,9.0,3.0,2.0,5.0,2.0,2968.0,77.38,225.18,92%,60.0,2.0,0.0,4.0,1.0,1.0,1.0,1.0
24517,5693.0,Campbell,Virginia,4.0,0.0,10.0,3.0,2.0,5.0,2.0,3234.0,67.36,219.85,94%,65.0,5.0,0.0,7.0,2.0,2.0,2.0,2.0
24528,3200.0,Campbell,Virginia,2.0,1.0,9.0,2.0,1.0,5.0,1.0,1420.0,19.46,35.62,24%,79.99,2.0,0.0,4.0,1.0,1.0,1.0,1.0
24538,4742.0,Campbell,Virginia,5.0,2.0,13.0,2.0,2.0,6.0,2.0,880.0,5.98,13.06,58%,65.0,3.0,1.0,6.0,1.0,1.0,1.0,1.0
24550,7258.0,Campbell,Virginia,5.0,1.0,12.0,2.0,2.0,5.0,2.0,474.0,49.31,143.25,88%,65.0,4.0,0.0,6.0,1.0,1.0,1.0,1.0
24571,1979.0,Campbell,Virginia,4.0,0.0,10.0,2.0,2.0,4.0,2.0,422.0,11.78,32.83,40%,65.0,5.0,1.0,8.0,2.0,2.0,2.0,2.0
24588,9647.0,Campbell,Virginia,5.0,0.0,11.0,3.0,2.0,5.0,2.0,6604.0,54.14,139.57,87%,65.0,4.0,0.0,6.0,2.0,2.0,2.0,2.0
22427,3286.0,Caroline,Virginia,4.0,0.0,10.0,2.0,2.0,4.0,2.0,1988.0,43.74,116.54,70%,39.99,3.0,0.0,5.0,2.0,1.0,2.0,1.0
22514,2603.0,Caroline,Virginia,3.0,0.0,9.0,1.0,1.0,3.0,1.0,842.0,16.03,43.3,44%,39.99,2.0,0.0,4.0,1.0,0.0,1.0,0.0
22535,580.0,Caroline,Virginia,2.0,1.0,9.0,1.0,1.0,4.0,2.0,396.0,23.92,67.95,59%,39.99,2.0,0.0,4.0,1.0,0.0,1.0,0.0
22538,307.0,Caroline,Virginia,2.0,0.0,8.0,1.0,1.0,3.0,1.0,0.0,0.0,0.0,11%,39.99,2.0,0.0,4.0,1.0,0.0,1.0,0.0
22546,15850.0,Caroline,Virginia,5.0,0.0,11.0,3.0,3.0,5.0,3.0,10750.0,81.26,233.68,77%,39.99,4.0,0.0,6.0,2.0,1.0,2.0,1.0
22580,5160.0,Caroline,Virginia,5.0,0.0,11.0,3.0,3.0,5.0,3.0,1090.0,20.39,49.18,66%,39.99,4.0,0.0,6.0,3.0,2.0,3.0,2.0
23015,4249.0,Caroline,Virginia,4.0,1.0,10.0,2.0,2.0,5.0,2.0,1154.0,17.64,48.48,65%,79.99,3.0,2.0,7.0,1.0,1.0,2.0,1.0
24312,2401.0,Carroll,Virginia,4.0,2.0,12.0,4.0,2.0,6.0,3.0,48.0,6.68,13.32,81%,59.95,4.0,1.0,7.0,3.0,2.0,3.0,2.0
24317,3858.0,Carroll,Virginia,3.0,1.0,10.0,2.0,1.0,5.0,1.0,6158.0,77.05,120.05,91%,69.99,2.0,1.0,5.0,1.0,0.0,1.0,0.0
24325,1039.0,Carroll,Virginia,2.0,1.0,9.0,1.0,0.0,4.0,1.0,0.0,0.0,0.0,13%,59.95,2.0,1.0,5.0,0.0,0.0,0.0,0.0
24328,1726.0,Carroll,Virginia,3.0,2.0,11.0,3.0,2.0,6.0,3.0,38.0,14.59,26.74,28%,69.99,3.0,1.0,6.0,2.0,1.0,2.0,1.0
24343,9267.0,Carroll,Virginia,5.0,4.0,15.0,4.0,3.0,8.0,4.0,874.0,26.89,76.0,72%,45.95,3.0,3.0,8.0,2.0,1.0,2.0,1.0
24351,668.0,Carroll,Virginia,2.0,1.0,9.0,1.0,1.0,4.0,1.0,246.0,5.29,10.93,84%,69.99,1.0,0.0,3.0,1.0,0.0,1.0,0.0
24381,3816.0,Carroll,Virginia,3.0,3.0,12.0,3.0,2.0,5.0,3.0,78.0,9.84,16.04,72%,59.99,2.0,1.0,5.0,1.0,1.0,1.0,1.0
23030,5128.0,Charles City,Virginia,3.0,1.0,9.0,1.0,1.0,4.0,2.0,666.0,8.29,23.06,100%,79.99,1.0,0.0,3.0,0.0,0.0,0.0,0.0
23923,2592.0,Charlotte,Virginia,5.0,2.0,12.0,3.0,3.0,6.0,3.0,154.0,4.06,10.94,56%,65.0,4.0,1.0,7.0,1.0,1.0,1.0,1.0
23937,1970.0,Charlotte,Virginia,2.0,2.0,9.0,1.0,1.0,4.0,1.0,148.0,8.1,22.07,49%,65.0,2.0,1.0,5.0,1.0,1.0,1.0,1.0
23958,3170.0,Charlotte,Virginia,5.0,1.0,12.0,3.0,2.0,6.0,2.0,234.0,1.99,3.41,40%,65.0,3.0,0.0,5.0,1.0,1.0,1.0,1.0
23959,1264.0,Charlotte,Virginia,4.0,2.0,12.0,2.0,2.0,5.0,2.0,328.0,16.69,41.93,42%,65.0,3.0,1.0,6.0,1.0,1.0,1.0,1.0
23967,1118.0,Charlotte,Virginia,1.0,1.0,7.0,1.0,1.0,4.0,1.0,0.0,0.0,0.0,62%,65.0,1.0,0.0,3.0,1.0,1.0,1.0,1.0
23976,230.0,Charlotte,Virginia,2.0,2.0,9.0,1.0,1.0,4.0,1.0,52.0,41.38,69.96,25%,69.95,1.0,1.0,4.0,0.0,0.0,0.0,0.0
22902,21223.0,Charlottesville,Virginia,4.0,1.0,11.0,3.0,3.0,6.0,4.0,40318.0,98.85,313.21,98%,65.0,4.0,1.0,7.0,3.0,2.0,3.0,2.0
22903,38229.0,Charlottesville,Virginia,5.0,2.0,12.0,4.0,3.0,8.0,4.0,55000.0,87.0,249.78,98%,65.0,4.0,2.0,8.0,3.0,2.0,3.0,2.0
23320,51797.0,Chesapeake,Virginia,6.0,0.0,11.0,4.0,4.0,6.0,5.0,84406.0,129.46,327.27,98%,39.99,4.0,0.0,6.0,3.0,3.0,3.0,3.0
23321,33653.0,Chesapeake,Virginia,5.0,0.0,10.0,3.0,3.0,5.0,4.0,17404.0,104.07,279.45,100%,39.99,4.0,0.0,6.0,3.0,3.0,3.0,3.0
23322,60473.0,Chesapeake,Virginia,5.0,0.0,10.0,3.0,3.0,5.0,4.0,70310.0,182.66,509.18,99%,39.99,4.0,0.0,6.0,2.0,2.0,2.0,2.0
23323,35906.0,Chesapeake,Virginia,6.0,0.0,11.0,4.0,4.0,6.0,5.0,30124.0,87.57,208.95,98%,39.99,3.0,0.0,5.0,2.0,2.0,2.0,2.0
23324,22851.0,Chesapeake,Virginia,6.0,0.0,11.0,4.0,4.0,6.0,5.0,46944.0,86.25,273.04,98%,39.99,3.0,0.0,5.0,2.0,2.0,2.0,2.0
23325,17592.0,Chesapeake,Virginia,4.0,0.0,9.0,2.0,2.0,4.0,3.0,9362.0,100.53,258.31,99%,39.99,3.0,0.0,5.0,2.0,2.0,2.0,2.0
23112,46982.0,Chesterfield,Virginia,4.0,0.0,9.0,2.0,2.0,4.0,2.0,63898.0,138.76,444.34,99%,39.99,3.0,0.0,5.0,2.0,2.0,2.0,2.0
23113,23848.0,Chesterfield,Virginia,4.0,0.0,9.0,2.0,2.0,4.0,2.0,48414.0,147.57,464.96,98%,39.99,3.0,0.0,5.0,2.0,2.0,2.0,2.0
23114,17449.0,Chesterfield,Virginia,4.0,0.0,9.0,2.0,2.0,4.0,2.0,25420.0,139.58,420.43,100%,39.99,3.0,0.0,5.0,2.0,2.0,2.0,2.0
23120,5971.0,Chesterfield,Virginia,4.0,1.0,10.0,2.0,2.0,4.0,2.0,824.0,61.76,133.51,99%,39.99,3.0,1.0,6.0,2.0,2.0,2.0,2.0
23234,42989.0,Chesterfield,Virginia,4.0,0.0,9.0,2.0,2.0,4.0,2.0,29618.0,119.06,440.94,98%,39.99,3.0,0.0,5.0,2.0,2.0,2.0,2.0
23235,30165.0,Chesterfield,Virginia,4.0,0.0,9.0,2.0,2.0,4.0,2.0,32740.0,100.7,255.7,98%,39.99,3.0,0.0,5.0,2.0,2.0,2.0,2.0
23236,25822.0,Chesterfield,Virginia,4.0,0.0,9.0,2.0,2.0,4.0,2.0,19512.0,139.11,396.5,100%,39.99,4.0,0.0,6.0,2.0,2.0,2.0,2.0
23237,21192.0,Chesterfield,Virginia,4.0,0.0,9.0,2.0,2.0,4.0,2.0,7600.0,102.16,345.17,98%,39.99,3.0,0.0,5.0,2.0,2.0,2.0,2.0
23806,2251.0,Chesterfield,Virginia,2.0,0.0,7.0,1.0,1.0,3.0,1.0,958.0,79.91,188.98,45%,79.99,2.0,0.0,4.0,1.0,1.0,1.0,1.0
23831,33079.0,Chesterfield,Virginia,4.0,0.0,9.0,2.0,2.0,4.0,2.0,37002.0,178.04,445.64,97%,39.99,3.0,0.0,5.0,2.0,2.0,2.0,2.0
23832,33739.0,Chesterfield,Virginia,4.0,0.0,9.0,2.0,2.0,4.0,2.0,15864.0,148.2,345.99,100%,39.99,3.0,0.0,5.0,2.0,2.0,2.0,2.0
23836,11444.0,Chesterfield,Virginia,4.0,0.0,9.0,2.0,2.0,4.0,3.0,6364.0,48.55,138.87,98%,39.99,3.0,0.0,5.0,2.0,2.0,2.0,2.0
23838,15341.0,Chesterfield,Virginia,4.0,1.0,10.0,2.0,2.0,4.0,2.0,2396.0,176.12,499.14,99%,39.99,3.0,1.0,6.0,2.0,2.0,2.0,2.0
20130,281.0,Clarke,Virginia,1.0,3.0,9.0,0.0,0.0,5.0,0.0,2098.0,93.49,225.77,100%,79.99,1.0,0.0,3.0,0.0,0.0,0.0,0.0
20135,2834.0,Clarke,Virginia,3.0,2.0,11.0,1.0,1.0,4.0,1.0,1894.0,59.17,169.63,100%,79.99,3.0,1.0,6.0,2.0,2.0,2.0,2.0
22611,8757.0,Clarke,Virginia,3.0,2.0,11.0,1.0,1.0,4.0,1.0,2040.0,15.88,47.36,100%,79.99,2.0,2.0,6.0,1.0,1.0,1.0,1.0
22620,2348.0,Clarke,Virginia,3.0,2.0,11.0,1.0,1.0,4.0,2.0,1314.0,3.9,10.92,100%,79.99,2.0,1.0,5.0,1.0,1.0,1.0,1.0
23834,25612.0,Colonial Heights,Virginia,4.0,0.0,9.0,2.0,2.0,4.0,2.0,10006.0,72.1,226.86,99%,39.99,3.0,0.0,5.0,2.0,2.0,2.0,2.0
24127,4261.0,Craig,Virginia,4.0,1.0,11.0,3.0,2.0,5.0,3.0,3000.0,13.79,37.48,72%,59.95,3.0,2.0,7.0,1.0,0.0,1.0,0.0
20106,5142.0,Culpeper,Virginia,4.0,4.0,13.0,2.0,2.0,8.0,3.0,2294.0,26.77,39.91,100%,79.99,3.0,1.0,6.0,1.0,1.0,2.0,1.0
22701,31444.0,Culpeper,Virginia,4.0,2.0,11.0,2.0,2.0,6.0,4.0,48832.0,108.76,322.31,98%,39.99,3.0,1.0,6.0,2.0,2.0,3.0,2.0
22713,1406.0,Culpeper,Virginia,3.0,2.0,10.0,2.0,2.0,6.0,3.0,1010.0,7.55,17.24,94%,79.99,2.0,1.0,5.0,1.0,1.0,2.0,1.0
22714,1129.0,Culpeper,Virginia,2.0,1.0,8.0,1.0,1.0,4.0,2.0,1440.0,11.35,24.69,92%,79.99,2.0,1.0,5.0,1.0,1.0,2.0,1.0
22718,534.0,Culpeper,Virginia,1.0,1.0,7.0,0.0,0.0,3.0,1.0,86.0,34.79,68.8,99%,159.99,1.0,1.0,4.0,0.0,0.0,1.0,0.0
22724,2282.0,Culpeper,Virginia,2.0,1.0,8.0,1.0,1.0,4.0,2.0,890.0,77.71,181.03,100%,79.99,2.0,1.0,5.0,1.0,1.0,2.0,1.0
22726,776.0,Culpeper,Virginia,0.0,1.0,6.0,0.0,0.0,3.0,1.0,16.0,12.51,25.2,97%,159.99,0.0,1.0,3.0,0.0,0.0,1.0,0.0
22733,1469.0,Culpeper,Virginia,2.0,2.0,9.0,1.0,1.0,5.0,3.0,260.0,8.87,14.11,99%,79.99,2.0,1.0,5.0,1.0,1.0,2.0,1.0
22735,2277.0,Culpeper,Virginia,1.0,2.0,8.0,1.0,1.0,5.0,3.0,4.0,122.13,122.16,98%,79.99,1.0,1.0,4.0,1.0,1.0,2.0,1.0
22736,732.0,Culpeper,Virginia,0.0,1.0,6.0,0.0,0.0,3.0,1.0,4.0,22.97,27.96,58%,159.99,0.0,1.0,3.0,0.0,0.0,1.0,0.0
22737,2936.0,Culpeper,Virginia,2.0,1.0,8.0,1.0,1.0,4.0,2.0,2750.0,13.61,32.95,98%,79.99,2.0,1.0,5.0,1.0,1.0,2.0,1.0
22741,182.0,Culpeper,Virginia,1.0,1.0,7.0,0.0,0.0,3.0,1.0,4.0,7.8,8.31,100%,159.99,1.0,1.0,4.0,0.0,0.0,1.0,0.0
24540,32170.0,Danville,Virginia,8.0,2.0,15.0,5.0,4.0,7.0,4.0,17972.0,44.7,109.41,95%,45.0,6.0,2.0,10.0,2.0,1.0,2.0,1.0
24541,28221.0,Danville,Virginia,8.0,2.0,15.0,5.0,4.0,7.0,4.0,11280.0,77.97,232.13,97%,45.0,6.0,2.0,10.0,2.0,1.0,2.0,1.0
24220,895.0,Dickenson,Virginia,2.0,2.0,8.0,1.0,1.0,4.0,1.0,4.0,21.89,21.89,100%,45.95,1.0,0.0,3.0,0.0,0.0,0.0,0.0
24226,1433.0,Dickenson,Virginia,3.0,1.0,8.0,2.0,2.0,5.0,2.0,334.0,39.97,88.81,100%,45.95,2.0,0.0,4.0,1.0,0.0,1.0,0.0
24228,7016.0,Dickenson,Virginia,5.0,1.0,10.0,3.0,3.0,6.0,3.0,1974.0,63.51,214.22,96%,45.95,2.0,0.0,4.0,1.0,0.0,1.0,0.0
24237,1192.0,Dickenson,Virginia,3.0,2.0,9.0,3.0,3.0,6.0,3.0,34.0,4.22,10.75,100%,45.95,2.0,0.0,4.0,2.0,1.0,2.0,1.0
24256,3491.0,Dickenson,Virginia,6.0,2.0,12.0,4.0,4.0,7.0,4.0,1136.0,13.28,30.7,99%,45.95,3.0,0.0,5.0,2.0,1.0,2.0,1.0
23805,19490.0,Dinwiddie,Virginia,4.0,0.0,9.0,2.0,2.0,4.0,3.0,58882.0,105.99,185.79,89%,39.99,3.0,0.0,5.0,2.0,2.0,2.0,2.0
23840,1858.0,Dinwiddie,Virginia,2.0,0.0,7.0,1.0,1.0,3.0,1.0,528.0,25.91,58.89,25%,79.99,2.0,0.0,4.0,1.0,1.0,1.0,1.0
23841,3479.0,Dinwiddie,Virginia,3.0,0.0,8.0,1.0,1.0,3.0,1.0,850.0,88.34,221.17,57%,79.99,2.0,0.0,4.0,1.0,1.0,1.0,1.0
23872,2376.0,Dinwiddie,Virginia,3.0,0.0,8.0,1.0,1.0,3.0,1.0,0.0,0.0,0.0,36%,79.99,2.0,0.0,4.0,1.0,1.0,1.0,1.0
23885,2807.0,Dinwiddie,Virginia,3.0,0.0,8.0,1.0,1.0,3.0,1.0,82.0,23.82,54.15,66%,79.99,2.0,0.0,4.0,1.0,1.0,1.0,1.0
22436,746.0,Essex,Virginia,2.0,1.0,8.0,1.0,1.0,4.0,1.0,236.0,6.11,13.2,29%,39.99,2.0,1.0,5.0,1.0,0.0,2.0,0.0
22454,1796.0,Essex,Virginia,2.0,1.0,8.0,1.0,1.0,4.0,2.0,10.0,14.51,57.67,90%,39.99,2.0,1.0,5.0,1.0,0.0,2.0,0.0
22560,6704.0,Essex,Virginia,3.0,2.0,10.0,1.0,1.0,4.0,2.0,13486.0,25.49,85.15,91%,39.99,2.0,2.0,6.0,1.0,0.0,2.0,0.0
20120,40695.0,Fairfax County,Virginia,5.0,1.0,12.0,3.0,3.0,6.0,3.0,189868.0,143.55,419.05,100%,39.99,3.0,0.0,5.0,2.0,2.0,2.0,2.0
20121,27988.0,Fairfax County,Virginia,4.0,1.0,11.0,2.0,2.0,5.0,2.0,28518.0,144.35,502.11,99%,39.99,3.0,0.0,5.0,2.0,2.0,2.0,2.0
20124,14857.0,Fairfax County,Virginia,5.0,0.0,11.0,3.0,3.0,5.0,3.0,6002.0,73.88,131.83,100%,39.99,3.0,0.0,5.0,2.0,2.0,2.0,2.0
20151,21374.0,Fairfax County,Virginia,6.0,1.0,13.0,4.0,4.0,7.0,4.0,29544.0,65.42,148.06,100%,39.99,3.0,0.0,5.0,2.0,2.0,2.0,2.0
20170,41236.0,Fairfax County,Virginia,5.0,1.0,12.0,3.0,3.0,6.0,3.0,184124.0,152.14,493.28,100%,39.99,4.0,0.0,6.0,3.0,3.0,3.0,3.0
20171,45887.0,Fairfax County,Virginia,5.0,1.0,12.0,3.0,3.0,6.0,3.0,204224.0,105.98,306.62,100%,39.99,4.0,0.0,6.0,2.0,2.0,2.0,2.0
20190,17529.0,Fairfax County,Virginia,5.0,1.0,12.0,4.0,4.0,7.0,4.0,82988.0,260.77,445.26,99%,39.99,4.0,1.0,7.0,3.0,3.0,3.0,3.0
20191,29128.0,Fairfax County,Virginia,5.0,1.0,12.0,3.0,3.0,6.0,3.0,143036.0,166.18,531.62,100%,39.99,4.0,0.0,6.0,3.0,3.0,3.0,3.0
20194,13165.0,Fairfax County,Virginia,5.0,1.0,12.0,3.0,3.0,6.0,3.0,15520.0,183.38,529.35,100%,39.99,4.0,0.0,6.0,3.0,3.0,3.0,3.0
22003,55990.0,Fairfax County,Virginia,5.0,0.0,11.0,3.0,3.0,5.0,3.0,105804.0,154.64,492.8,99%,39.99,3.0,0.0,5.0,2.0,2.0,2.0,2.0
22015,43102.0,Fairfax County,Virginia,3.0,0.0,9.0,2.0,2.0,4.0,2.0,159612.0,99.43,303.08,100%,39.99,3.0,0.0,5.0,2.0,2.0,2.0,2.0
22027,2362.0,Fairfax County,Virginia,3.0,0.0,9.0,2.0,2.0,4.0,2.0,2578.0,143.56,175.95,100%,39.99,3.0,0.0,5.0,2.0,2.0,2.0,2.0
22030,55066.0,Fairfax County,Virginia,5.0,0.0,11.0,3.0,3.0,5.0,3.0,178242.0,150.66,431.96,92%,39.99,3.0,0.0,5.0,2.0,2.0,2.0,2.0
22031,29795.0,Fairfax County,Virginia,5.0,0.0,11.0,3.0,3.0,5.0,3.0,80196.0,123.61,393.95,90%,39.99,4.0,1.0,7.0,3.0,3.0,4.0,4.0
22032,29377.0,Fairfax County,Virginia,5.0,0.0,11.0,3.0,3.0,5.0,3.0,86668.0,154.39,441.06,99%,39.99,3.0,0.0,5.0,2.0,2.0,2.0,2.0
22033,37691.0,Fairfax County,Virginia,5.0,1.0,12.0,3.0,3.0,6.0,3.0,45174.0,93.6,266.7,100%,39.99,4.0,0.0,6.0,2.0,2.0,2.0,2.0
22035,0.0,Fairfax County,Virginia,3.0,0.0,9.0,2.0,2.0,4.0,2.0,1134.0,87.24,165.06,0%,39.99,2.0,0.0,4.0,1.0,1.0,1.0,1.0
22039,18364.0,Fairfax County,Virginia,4.0,0.0,10.0,3.0,3.0,5.0,3.0,15868.0,102.48,175.81,100%,39.99,3.0,0.0,5.0,2.0,2.0,2.0,2.0
22041,27989.0,Fairfax County,Virginia,5.0,0.0,11.0,3.0,3.0,5.0,3.0,40614.0,94.16,238.92,99%,39.99,4.0,0.0,6.0,3.0,3.0,3.0,3.0
22042,33537.0,Fairfax County,Virginia,6.0,0.0,12.0,4.0,4.0,6.0,4.0,76626.0,113.5,312.68,99%,39.99,4.0,0.0,6.0,3.0,3.0,3.0,3.0
22043,24302.0,Fairfax County,Virginia,7.0,0.0,13.0,5.0,5.0,7.0,5.0,38496.0,115.15,313.73,97%,39.99,4.0,0.0,6.0,3.0,3.0,3.0,3.0
22044,14092.0,Fairfax County,Virginia,6.0,0.0,12.0,4.0,4.0,6.0,4.0,7522.0,74.71,146.94,99%,39.99,4.0,0.0,6.0,3.0,3.0,3.0,3.0
22060,8878.0,Fairfax County,Virginia,4.0,0.0,10.0,3.0,3.0,5.0,3.0,420.0,52.14,93.76,91%,39.99,4.0,0.0,6.0,3.0,3.0,3.0,3.0
22066,18099.0,Fairfax County,Virginia,4.0,1.0,11.0,3.0,3.0,6.0,3.0,67872.0,155.47,428.69,100%,39.99,4.0,0.0,6.0,3.0,3.0,3.0,3.0
22079,32059.0,Fairfax County,Virginia,5.0,0.0,11.0,3.0,3.0,5.0,3.0,45978.0,112.91,280.57,100%,39.99,3.0,0.0,5.0,2.0,2.0,2.0,2.0
22101,29887.0,Fairfax County,Virginia,4.0,0.0,10.0,3.0,3.0,5.0,3.0,101294.0,187.45,522.92,100%,39.99,4.0,0.0,6.0,3.0,3.0,3.0,3.0
22102,21985.0,Fairfax County,Virginia,5.0,0.0,11.0,3.0,3.0,5.0,3.0,84810.0,146.86,420.74,99%,39.99,4.0,0.0,6.0,2.0,2.0,2.0,2.0
22124,17558.0,Fairfax County,Virginia,4.0,0.0,10.0,2.0,2.0,4.0,2.0,22610.0,206.78,525.81,100%,39.99,3.0,0.0,5.0,2.0,2.0,2.0,2.0
22150,27105.0,Fairfax County,Virginia,5.0,0.0,11.0,3.0,3.0,5.0,3.0,22554.0,64.32,144.88,100%,39.99,3.0,1.0,6.0,2.0,2.0,3.0,3.0
22151,17456.0,Fairfax County,Virginia,4.0,0.0,10.0,2.0,2.0,4.0,2.0,5764.0,96.49,257.77,100%,39.99,3.0,0.0,5.0,2.0,2.0,2.0,2.0
22152,28550.0,Fairfax County,Virginia,4.0,0.0,10.0,2.0,2.0,4.0,2.0,76502.0,138.73,334.67,100%,39.99,3.0,0.0,5.0,2.0,2.0,2.0,2.0
22153,31285.0,Fairfax County,Virginia,3.0,0.0,9.0,2.0,2.0,4.0,2.0,62714.0,153.08,471.93,100%,39.99,3.0,0.0,5.0,2.0,2.0,2.0,2.0
22180,23491.0,Fairfax County,Virginia,4.0,0.0,10.0,2.0,2.0,4.0,2.0,110130.0,124.39,365.1,100%,39.99,3.0,0.0,5.0,2.0,2.0,2.0,2.0
22181,14879.0,Fairfax County,Virginia,5.0,0.0,11.0,3.0,3.0,5.0,3.0,36452.0,128.75,323.31,96%,39.99,4.0,0.0,6.0,3.0,3.0,3.0,3.0
22182,24863.0,Fairfax County,Virginia,4.0,0.0,10.0,3.0,3.0,5.0,3.0,43852.0,116.99,279.36,100%,39.99,4.0,2.0,8.0,3.0,3.0,4.0,4.0
22185,0.0,Fairfax County,Virginia,2.0,0.0,8.0,1.0,1.0,3.0,1.0,8.0,7.07,11.2,0%,65.99,2.0,0.0,4.0,1.0,1.0,1.0,1.0
22303,12601.0,Fairfax County,Virginia,4.0,0.0,10.0,2.0,2.0,4.0,2.0,18586.0,189.11,328.83,100%,39.99,3.0,0.0,5.0,2.0,2.0,2.0,2.0
22306,32326.0,Fairfax County,Virginia,5.0,0.0,11.0,3.0,3.0,5.0,3.0,70366.0,192.85,508.49,97%,39.99,4.0,0.0,6.0,3.0,3.0,3.0,3.0
22307,9581.0,Fairfax County,Virginia,5.0,0.0,11.0,3.0,3.0,5.0,3.0,6410.0,144.9,476.57,100%,39.99,3.0,0.0,5.0,2.0,2.0,2.0,2.0
22308,12737.0,Fairfax County,Virginia,3.0,0.0,9.0,2.0,2.0,4.0,2.0,14536.0,107.34,167.2,100%,39.99,3.0,0.0,5.0,2.0,2.0,2.0,2.0
22309,33220.0,Fairfax County,Virginia,5.0,0.0,11.0,3.0,3.0,5.0,3.0,64302.0,129.24,403.83,97%,39.99,4.0,0.0,6.0,3.0,3.0,3.0,3.0
22310,29609.0,Fairfax County,Virginia,5.0,0.0,11.0,3.0,3.0,5.0,3.0,60406.0,157.93,430.87,100%,39.99,3.0,0.0,5.0,2.0,2.0,2.0,2.0
22312,30614.0,Fairfax County,Virginia,5.0,0.0,11.0,3.0,3.0,5.0,3.0,62032.0,162.06,500.29,100%,39.99,4.0,0.0,6.0,3.0,3.0,3.0,3.0
22315,26202.0,Fairfax County,Virginia,5.0,0.0,11.0,3.0,3.0,5.0,3.0,40548.0,155.33,514.73,99%,39.99,3.0,0.0,5.0,2.0,2.0,2.0,2.0
22046,16235.0,Falls Church,Virginia,6.0,0.0,12.0,4.0,4.0,6.0,4.0,52750.0,190.75,510.68,95%,39.99,5.0,1.0,8.0,4.0,4.0,4.0,4.0
20115,5838.0,Fauquier,Virginia,3.0,4.0,12.0,1.0,1.0,7.0,2.0,10114.0,10.75,25.58,100%,79.99,2.0,3.0,7.0,1.0,1.0,3.0,1.0
20119,3946.0,Fauquier,Virginia,2.0,2.0,10.0,1.0,1.0,5.0,2.0,1338.0,9.03,16.27,100%,79.99,2.0,0.0,4.0,1.0,1.0,1.0,1.0
20137,1510.0,Fauquier,Virginia,4.0,2.0,12.0,2.0,2.0,6.0,3.0,746.0,26.44,61.54,100%,39.99,2.0,0.0,4.0,1.0,1.0,1.0,1.0
20144,1012.0,Fauquier,Virginia,2.0,3.0,10.0,1.0,1.0,6.0,2.0,3842.0,7.71,19.83,100%,79.99,1.0,1.0,4.0,0.0,0.0,1.0,0.0
20184,839.0,Fauquier,Virginia,0.0,3.0,8.0,0.0,0.0,5.0,0.0,304.0,14.89,34.38,100%,79.99,0.0,2.0,4.0,0.0,0.0,1.0,0.0
20186,14557.0,Fauquier,Virginia,3.0,3.0,11.0,1.0,1.0,6.0,2.0,10850.0,36.08,91.04,100%,79.99,2.0,1.0,5.0,1.0,1.0,2.0,1.0
20187,15252.0,Fauquier,Virginia,4.0,3.0,13.0,2.0,2.0,7.0,3.0,15966.0,95.84,262.83,100%,39.99,2.0,1.0,5.0,1.0,1.0,2.0,1.0
20198,2492.0,Fauquier,Virginia,3.0,3.0,12.0,2.0,2.0,7.0,3.0,1840.0,10.19,21.07,100%,39.99,3.0,2.0,7.0,2.0,2.0,3.0,2.0
22639,560.0,Fauquier,Virginia,2.0,2.0,9.0,0.0,0.0,4.0,1.0,214.0,3.51,8.77,100%,79.99,2.0,0.0,4.0,0.0,0.0,0.0,0.0
22643,197.0,Fauquier,Virginia,1.0,2.0,8.0,0.0,0.0,4.0,1.0,162.0,17.68,43.56,100%,79.99,1.0,0.0,3.0,0.0,0.0,0.0,0.0
22712,8415.0,Fauquier,Virginia,3.0,2.0,10.0,1.0,1.0,5.0,2.0,4954.0,110.57,174.55,100%,79.99,2.0,1.0,5.0,1.0,1.0,2.0,1.0
22720,1059.0,Fauquier,Virginia,3.0,2.0,10.0,1.0,1.0,5.0,2.0,74.0,1.66,5.58,100%,79.99,2.0,1.0,5.0,1.0,1.0,2.0,1.0
22728,3310.0,Fauquier,Virginia,3.0,2.0,11.0,1.0,1.0,5.0,2.0,2502.0,35.14,90.4,100%,79.99,2.0,1.0,5.0,1.0,1.0,2.0,1.0
22734,3187.0,Fauquier,Virginia,3.0,2.0,10.0,1.0,1.0,5.0,2.0,420.0,7.26,16.86,100%,79.99,2.0,1.0,5.0,1.0,1.0,2.0,1.0
22742,1926.0,Fauquier,Virginia,1.0,2.0,8.0,0.0,0.0,4.0,1.0,852.0,4.05,12.11,100%,79.99,1.0,1.0,4.0,0.0,0.0,1.0,0.0
24072,1298.0,Floyd,Virginia,3.0,1.0,10.0,2.0,1.0,4.0,2.0,0.0,0.0,0.0,83%,49.95,2.0,2.0,6.0,0.0,0.0,0.0,0.0
24079,1766.0,Floyd,Virginia,5.0,1.0,12.0,3.0,2.0,5.0,3.0,12.0,1.04,3.02,57%,49.95,3.0,1.0,6.0,1.0,1.0,1.0,1.0
24091,7215.0,Floyd,Virginia,4.0,1.0,11.0,3.0,2.0,5.0,3.0,19392.0,23.76,89.24,69%,49.95,3.0,1.0,6.0,1.0,1.0,1.0,1.0
24105,500.0,Floyd,Virginia,2.0,1.0,9.0,1.0,0.0,3.0,1.0,0.0,0.0,0.0,50%,59.95,2.0,0.0,4.0,0.0,0.0,0.0,0.0
24380,2639.0,Floyd,Virginia,2.0,1.0,9.0,2.0,1.0,4.0,2.0,1428.0,20.81,26.93,80%,49.95,1.0,1.0,4.0,0.0,0.0,0.0,0.0
22963,15401.0,Fluvanna,Virginia,3.0,0.0,9.0,3.0,3.0,5.0,4.0,22030.0,84.75,231.81,90%,65.0,2.0,1.0,5.0,1.0,1.0,1.0,1.0
22974,5385.0,Fluvanna,Virginia,3.0,0.0,8.0,3.0,3.0,5.0,4.0,1308.0,8.68,19.09,95%,65.0,2.0,1.0,5.0,2.0,1.0,2.0,1.0
23022,930.0,Fluvanna,Virginia,2.0,0.0,8.0,1.0,1.0,3.0,2.0,132.0,20.69,29.74,51%,79.99,2.0,1.0,5.0,1.0,1.0,1.0,1.0
23055,915.0,Fluvanna,Virginia,2.0,0.0,7.0,1.0,1.0,3.0,2.0,328.0,72.46,156.66,88%,79.99,2.0,1.0,5.0,1.0,1.0,1.0,1.0
24065,6141.0,Franklin County,Virginia,5.0,2.0,13.0,3.0,2.0,6.0,3.0,2180.0,68.56,251.77,93%,65.0,4.0,1.0,7.0,3.0,2.0,3.0,2.0
24067,2230.0,Franklin County,Virginia,4.0,2.0,12.0,2.0,1.0,5.0,2.0,774.0,8.2,8.59,75%,65.0,4.0,2.0,8.0,2.0,1.0,2.0,1.0
24088,5408.0,Franklin County,Virginia,2.0,0.0,8.0,2.0,1.0,4.0,2.0,1156.0,22.13,43.81,69%,65.0,2.0,2.0,6.0,2.0,1.0,2.0,1.0
24101,6132.0,Franklin County,Virginia,6.0,2.0,14.0,4.0,3.0,8.0,3.0,1958.0,23.3,49.47,93%,65.0,5.0,1.0,8.0,3.0,3.0,3.0,3.0
24102,1697.0,Franklin County,Virginia,2.0,1.0,8.0,2.0,1.0,5.0,1.0,52.0,2.46,7.2,45%,79.99,2.0,2.0,6.0,1.0,1.0,1.0,1.0
24137,2582.0,Franklin County,Virginia,3.0,2.0,11.0,2.0,1.0,6.0,1.0,434.0,11.26,32.36,82%,65.0,3.0,2.0,7.0,1.0,1.0,1.0,1.0
24151,20000.0,Franklin County,Virginia,3.0,2.0,11.0,3.0,2.0,7.0,2.0,17022.0,39.59,120.05,94%,65.0,3.0,1.0,6.0,2.0,1.0,2.0,1.0
24176,1360.0,Franklin County,Virginia,2.0,1.0,9.0,2.0,1.0,5.0,1.0,270.0,24.31,36.22,86%,65.0,2.0,2.0,6.0,1.0,1.0,1.0,1.0
24184,4705.0,Franklin County,Virginia,3.0,2.0,11.0,3.0,2.0,6.0,2.0,5180.0,44.72,132.09,94%,65.0,2.0,1.0,5.0,1.0,1.0,1.0,1.0
22602,28443.0,Frederick,Virginia,4.0,2.0,12.0,2.0,2.0,5.0,3.0,23276.0,148.39,430.32,89%,39.99,3.0,1.0,6.0,2.0,2.0,2.0,2.0
22603,13910.0,Frederick,Virginia,4.0,2.0,12.0,2.0,2.0,5.0,2.0,1488.0,50.66,94.32,80%,39.99,4.0,1.0,7.0,2.0,2.0,2.0,2.0
22624,2565.0,Frederick,Virginia,3.0,2.0,11.0,2.0,2.0,5.0,2.0,30.0,12.74,27.24,99%,39.99,3.0,1.0,6.0,2.0,2.0,2.0,2.0
22625,3641.0,Frederick,Virginia,3.0,0.0,9.0,1.0,1.0,3.0,1.0,142.0,12.02,33.74,60%,79.99,2.0,0.0,4.0,1.0,1.0,1.0,1.0
22637,1970.0,Frederick,Virginia,3.0,1.0,10.0,1.0,1.0,3.0,1.0,50.0,39.2,101.57,24%,79.99,2.0,1.0,5.0,1.0,1.0,1.0,1.0
22645,3880.0,Frederick,Virginia,6.0,1.0,12.0,2.0,2.0,5.0,3.0,2370.0,72.87,259.77,87%,39.99,5.0,1.0,8.0,2.0,2.0,2.0,2.0
22655,19328.0,Frederick,Virginia,4.0,2.0,11.0,2.0,2.0,5.0,3.0,17704.0,79.53,226.28,99%,39.99,3.0,0.0,5.0,2.0,2.0,2.0,2.0
22656,2381.0,Frederick,Virginia,3.0,1.0,10.0,2.0,2.0,5.0,2.0,22548.0,395.73,521.72,100%,39.99,3.0,0.0,5.0,2.0,2.0,2.0,2.0
22663,1536.0,Frederick,Virginia,3.0,2.0,10.0,2.0,2.0,5.0,3.0,32.0,26.09,164.35,100%,39.99,3.0,1.0,6.0,2.0,2.0,2.0,2.0
22401,24286.0,Fredericksburg,Virginia,5.0,0.0,11.0,3.0,3.0,5.0,3.0,23558.0,140.51,520.11,95%,39.99,5.0,0.0,7.0,3.0,3.0,3.0,3.0
24333,17996.0,Galax,Virginia,9.0,3.0,18.0,8.0,6.0,11.0,7.0,10764.0,68.66,219.13,94%,45.0,5.0,1.0,8.0,2.0,2.0,2.0,2.0
24086,210.0,Giles,Virginia,2.0,2.0,10.0,0.0,0.0,3.0,1.0,4.0,7.52,11.19,100%,85.0,2.0,2.0,6.0,0.0,0.0,1.0,0.0
24128,1872.0,Giles,Virginia,1.0,2.0,9.0,0.0,0.0,3.0,1.0,1936.0,4.97,11.02,45%,85.0,2.0,2.0,6.0,0.0,0.0,1.0,0.0
24134,5741.0,Giles,Virginia,4.0,3.0,13.0,2.0,2.0,5.0,3.0,1770.0,67.32,198.59,97%,40.0,2.0,2.0,6.0,1.0,1.0,2.0,1.0
24136,3393.0,Giles,Virginia,3.0,2.0,11.0,1.0,1.0,4.0,2.0,3850.0,10.22,13.78,100%,40.0,3.0,2.0,7.0,1.0,1.0,2.0,1.0
24147,1201.0,Giles,Virginia,2.0,1.0,8.0,1.0,1.0,4.0,2.0,550.0,6.06,16.7,100%,40.0,2.0,1.0,5.0,1.0,1.0,2.0,1.0
24150,693.0,Giles,Virginia,4.0,2.0,12.0,2.0,2.0,5.0,3.0,218.0,6.3,20.71,88%,40.0,3.0,2.0,7.0,1.0,1.0,2.0,1.0
23061,21208.0,Gloucester,Virginia,3.0,1.0,9.0,1.0,1.0,4.0,2.0,17662.0,74.96,191.85,95%,65.99,2.0,0.0,4.0,1.0,1.0,1.0,1.0
23062,2340.0,Gloucester,Virginia,3.0,0.0,8.0,1.0,1.0,3.0,2.0,60.0,76.56,265.84,100%,65.99,2.0,0.0,4.0,1.0,1.0,1.0,1.0
23072,11541.0,Gloucester,Virginia,3.0,0.0,8.0,1.0,1.0,3.0,2.0,4670.0,69.58,162.41,98%,65.99,2.0,0.0,4.0,1.0,1.0,1.0,1.0
23038,1775.0,Goochland,Virginia,2.0,0.0,8.0,1.0,1.0,3.0,2.0,72.0,5.46,13.49,7%,79.99,1.0,1.0,4.0,0.0,0.0,0.0,0.0
23039,1056.0,Goochland,Virginia,2.0,0.0,7.0,1.0,1.0,3.0,1.0,96.0,26.95,45.86,53%,79.99,2.0,0.0,4.0,1.0,1.0,1.0,1.0
23063,5278.0,Goochland,Virginia,3.0,0.0,8.0,1.0,1.0,3.0,2.0,1886.0,94.99,275.55,52%,79.99,2.0,0.0,4.0,1.0,1.0,1.0,1.0
23065,1909.0,Goochland,Virginia,2.0,2.0,9.0,1.0,1.0,4.0,2.0,114.0,6.65,13.3,47%,79.99,2.0,1.0,5.0,1.0,1.0,1.0,1.0
23103,4634.0,Goochland,Virginia,3.0,0.0,8.0,1.0,1.0,3.0,1.0,1180.0,155.37,343.87,97%,79.99,2.0,0.0,4.0,1.0,1.0,1.0,1.0
23153,1334.0,Goochland,Virginia,2.0,0.0,7.0,1.0,1.0,3.0,2.0,2688.0,95.43,273.85,97%,79.99,2.0,0.0,4.0,1.0,1.0,1.0,1.0
24292,535.0,Grayson,Virginia,3.0,0.0,7.0,3.0,2.0,5.0,2.0,0.0,0.0,0.0,100%,45.95,3.0,1.0,6.0,2.0,2.0,2.0,2.0
24326,1058.0,Grayson,Virginia,3.0,2.0,10.0,2.0,2.0,4.0,3.0,0.0,0.0,0.0,100%,45.95,3.0,1.0,6.0,2.0,2.0,2.0,2.0
24330,3401.0,Grayson,Virginia,3.0,1.0,10.0,3.0,2.0,5.0,3.0,38.0,34.29,162.15,98%,45.95,2.0,1.0,5.0,1.0,1.0,1.0,1.0
24348,3958.0,Grayson,Virginia,5.0,2.0,12.0,5.0,4.0,7.0,4.0,4472.0,16.1,40.45,100%,45.95,4.0,2.0,8.0,3.0,3.0,3.0,3.0
24363,1365.0,Grayson,Virginia,5.0,2.0,12.0,4.0,3.0,6.0,3.0,6.0,1.11,3.03,100%,45.95,3.0,1.0,6.0,2.0,2.0,2.0,2.0
24378,1229.0,Grayson,Virginia,4.0,2.0,12.0,3.0,2.0,5.0,2.0,0.0,0.0,0.0,98%,45.95,3.0,2.0,7.0,2.0,2.0,2.0,2.0
22923,5035.0,Greene,Virginia,3.0,2.0,10.0,2.0,2.0,6.0,3.0,402.0,15.7,37.74,100%,79.99,3.0,2.0,7.0,2.0,1.0,3.0,1.0
22968,9815.0,Greene,Virginia,2.0,2.0,9.0,2.0,2.0,6.0,3.0,15088.0,159.03,421.51,100%,79.99,2.0,2.0,6.0,2.0,1.0,3.0,1.0
22973,6191.0,Greene,Virginia,3.0,3.0,11.0,2.0,2.0,7.0,4.0,180.0,10.28,26.5,100%,79.99,3.0,2.0,7.0,2.0,1.0,3.0,1.0
23847,16962.0,Greensville,Virginia,6.0,0.0,12.0,4.0,4.0,6.0,4.0,2734.0,49.99,123.41,54%,45.0,2.0,0.0,4.0,1.0,1.0,1.0,1.0
24520,2450.0,Halifax,Virginia,4.0,2.0,11.0,3.0,2.0,6.0,2.0,932.0,24.97,78.15,44%,69.99,3.0,2.0,7.0,1.0,1.0,1.0,1.0
24558,6347.0,Halifax,Virginia,4.0,2.0,11.0,4.0,3.0,7.0,3.0,738.0,11.85,20.78,82%,45.0,2.0,2.0,6.0,2.0,1.0,2.0,1.0
24577,5239.0,Halifax,Virginia,3.0,1.0,10.0,3.0,2.0,6.0,2.0,42.0,40.74,73.6,52%,65.0,2.0,1.0,5.0,1.0,1.0,1.0,1.0
24592,13934.0,Halifax,Virginia,4.0,2.0,11.0,4.0,4.0,7.0,4.0,10710.0,101.01,344.58,91%,45.0,3.0,2.0,7.0,2.0,1.0,2.0,1.0
23651,696.0,Hampton,Virginia,2.0,0.0,7.0,1.0,1.0,3.0,2.0,0.0,0.0,0.0,67%,65.99,2.0,0.0,4.0,1.0,1.0,1.0,1.0
23661,14113.0,Hampton,Virginia,4.0,0.0,9.0,2.0,2.0,4.0,3.0,2360.0,84.43,237.3,100%,39.99,3.0,0.0,5.0,2.0,2.0,2.0,2.0
23663,14495.0,Hampton,Virginia,4.0,0.0,9.0,2.0,2.0,4.0,3.0,2194.0,96.77,208.2,100%,39.99,3.0,0.0,5.0,2.0,2.0,2.0,2.0
23664,10194.0,Hampton,Virginia,4.0,0.0,9.0,2.0,2.0,4.0,3.0,1080.0,33.92,91.55,100%,39.99,3.0,0.0,5.0,2.0,2.0,2.0,2.0
23666,49825.0,Hampton,Virginia,5.0,0.0,10.0,3.0,3.0,5.0,4.0,40238.0,98.99,233.08,98%,39.99,3.0,0.0,5.0,2.0,2.0,2.0,2.0
23669,43148.0,Hampton,Virginia,4.0,0.0,9.0,2.0,2.0,4.0,3.0,45556.0,119.67,271.85,98%,39.99,3.0,0.0,5.0,2.0,2.0,2.0,2.0
23005,15227.0,Hanover,Virginia,4.0,0.0,9.0,2.0,1.0,4.0,1.0,9728.0,77.22,223.49,93%,79.99,3.0,0.0,5.0,1.0,1.0,1.0,1.0
23069,3197.0,Hanover,Virginia,3.0,0.0,8.0,1.0,1.0,3.0,1.0,618.0,53.86,222.01,54%,79.99,3.0,0.0,5.0,1.0,1.0,1.0,1.0
23111,36490.0,Hanover,Virginia,4.0,0.0,9.0,2.0,2.0,4.0,3.0,35186.0,72.99,245.12,94%,39.99,3.0,0.0,5.0,2.0,2.0,2.0,2.0
23116,27228.0,Hanover,Virginia,4.0,0.0,9.0,2.0,2.0,4.0,3.0,44742.0,92.83,269.89,98%,39.99,3.0,0.0,5.0,2.0,2.0,2.0,2.0
23146,3093.0,Hanover,Virginia,3.0,0.0,8.0,1.0,1.0,3.0,1.0,602.0,13.79,42.94,34%,79.99,2.0,0.0,4.0,1.0,1.0,1.0,1.0
23192,7067.0,Hanover,Virginia,3.0,0.0,8.0,2.0,2.0,4.0,2.0,784.0,12.78,29.27,67%,65.0,2.0,0.0,4.0,0.0,0.0,0.0,0.0
22801,37989.0,Harrisonburg,Virginia,7.0,2.0,14.0,4.0,4.0,7.0,5.0,54408.0,114.74,342.67,100%,65.0,4.0,2.0,8.0,1.0,1.0,1.0,1.0
22802,26293.0,Harrisonburg,Virginia,5.0,2.0,12.0,2.0,2.0,5.0,3.0,15354.0,125.48,322.47,100%,59.95,4.0,2.0,8.0,2.0,2.0,2.0,2.0
22807,3311.0,Harrisonburg,Virginia,2.0,2.0,9.0,1.0,1.0,4.0,2.0,2342.0,37.48,106.02,100%,79.99,2.0,2.0,6.0,1.0,1.0,1.0,1.0
23059,31919.0,Henrico,Virginia,5.0,0.0,10.0,2.0,2.0,4.0,2.0,35754.0,199.33,541.05,98%,39.99,4.0,0.0,6.0,2.0,2.0,2.0,2.0
23060,33417.0,Henrico,Virginia,4.0,0.0,9.0,2.0,2.0,4.0,2.0,41056.0,136.97,371.77,99%,39.99,3.0,0.0,5.0,2.0,2.0,2.0,2.0
23075,9819.0,Henrico,Virginia,4.0,0.0,9.0,2.0,2.0,4.0,3.0,638.0,68.55,196.32,100%,39.99,3.0,0.0,5.0,2.0,2.0,2.0,2.0
23150,12045.0,Henrico,Virginia,4.0,0.0,9.0,2.0,2.0,4.0,3.0,5438.0,197.63,331.93,100%,39.99,3.0,0.0,5.0,2.0,2.0,2.0,2.0
23223,47677.0,Henrico,Virginia,5.0,0.0,10.0,3.0,3.0,5.0,4.0,45934.0,79.65,241.97,93%,39.99,3.0,0.0,5.0,2.0,2.0,2.0,2.0
23227,24440.0,Henrico,Virginia,4.0,0.0,9.0,2.0,2.0,4.0,2.0,7090.0,77.78,233.92,100%,39.99,3.0,0.0,5.0,2.0,2.0,2.0,2.0
23228,34198.0,Henrico,Virginia,4.0,0.0,9.0,2.0,2.0,4.0,2.0,33084.0,133.88,342.63,100%,39.99,3.0,0.0,5.0,2.0,2.0,2.0,2.0
23229,32283.0,Henrico,Virginia,4.0,0.0,9.0,2.0,2.0,4.0,2.0,14620.0,135.45,398.42,100%,39.99,3.0,1.0,6.0,2.0,2.0,2.0,2.0
23230,5852.0,Henrico,Virginia,4.0,0.0,9.0,2.0,2.0,4.0,2.0,9456.0,49.91,125.77,99%,39.99,3.0,0.0,5.0,2.0,2.0,2.0,2.0
23231,34685.0,Henrico,Virginia,4.0,1.0,10.0,2.0,2.0,5.0,3.0,27818.0,92.56,285.77,98%,39.99,3.0,0.0,5.0,2.0,2.0,2.0,2.0
23233,28908.0,Henrico,Virginia,4.0,0.0,9.0,2.0,2.0,4.0,2.0,42856.0,115.69,302.47,100%,39.99,3.0,0.0,5.0,2.0,2.0,2.0,2.0
23238,25134.0,Henrico,Virginia,4.0,0.0,9.0,2.0,2.0,4.0,2.0,46482.0,130.04,346.46,97%,39.99,3.0,0.0,5.0,2.0,2.0,2.0,2.0
23250,0.0,Henrico,Virginia,2.0,0.0,7.0,1.0,1.0,3.0,2.0,2.0,57.0,57.0,0%,79.99,2.0,0.0,4.0,1.0,1.0,1.0,1.0
23294,17558.0,Henrico,Virginia,4.0,0.0,9.0,2.0,2.0,4.0,2.0,36936.0,152.53,389.07,99%,39.99,3.0,0.0,5.0,2.0,2.0,2.0,2.0
24054,6797.0,Henry,Virginia,3.0,1.0,9.0,2.0,1.0,4.0,1.0,188.0,4.85,16.72,73%,79.99,4.0,1.0,7.0,1.0,1.0,1.0,1.0
24055,13674.0,Henry,Virginia,2.0,1.0,8.0,2.0,1.0,5.0,1.0,3288.0,47.07,133.59,95%,79.99,3.0,2.0,7.0,1.0,1.0,1.0,1.0
24078,7115.0,Henry,Virginia,2.0,0.0,7.0,2.0,1.0,4.0,1.0,1026.0,33.31,92.43,99%,79.99,2.0,2.0,6.0,2.0,1.0,2.0,1.0
24089,2640.0,Henry,Virginia,2.0,0.0,7.0,2.0,1.0,4.0,1.0,16.0,51.22,194.54,98%,79.99,2.0,1.0,5.0,1.0,1.0,1.0,1.0
24112,32646.0,Henry,Virginia,5.0,2.0,12.0,4.0,3.0,8.0,3.0,15952.0,70.52,216.66,98%,45.0,5.0,3.0,10.0,3.0,1.0,3.0,1.0
24148,8013.0,Henry,Virginia,3.0,0.0,8.0,3.0,2.0,5.0,2.0,3834.0,86.32,233.05,94%,69.99,2.0,2.0,6.0,2.0,1.0,2.0,1.0
24433,99.0,Highland,Virginia,3.0,1.0,8.0,2.0,1.0,4.0,2.0,6.0,1.07,1.8,74%,54.0,2.0,0.0,4.0,0.0,0.0,0.0,0.0
24442,120.0,Highland,Virginia,2.0,1.0,7.0,2.0,1.0,5.0,2.0,0.0,0.0,0.0,86%,54.0,1.0,0.0,3.0,0.0,0.0,0.0,0.0
24458,442.0,Highland,Virginia,3.0,2.0,8.0,2.0,1.0,5.0,2.0,0.0,0.0,0.0,68%,54.0,2.0,0.0,4.0,0.0,0.0,0.0,0.0
24465,1382.0,Highland,Virginia,4.0,1.0,9.0,2.0,1.0,4.0,2.0,3194.0,5.24,8.49,57%,79.99,2.0,0.0,4.0,0.0,0.0,0.0,0.0
23860,31970.0,Hopewell,Virginia,5.0,0.0,10.0,3.0,3.0,5.0,4.0,28544.0,35.51,90.95,95%,39.99,3.0,0.0,5.0,2.0,2.0,2.0,2.0
23314,6991.0,Isle of Wight,Virginia,4.0,0.0,9.0,2.0,2.0,4.0,3.0,1882.0,38.18,123.25,100%,39.99,3.0,0.0,5.0,2.0,2.0,2.0,2.0
23315,1525.0,Isle of Wight,Virginia,2.0,0.0,7.0,1.0,1.0,3.0,2.0,0.0,0.0,0.0,77%,69.99,2.0,0.0,4.0,1.0,1.0,1.0,1.0
23430,17281.0,Isle of Wight,Virginia,3.0,0.0,8.0,1.0,1.0,3.0,2.0,4342.0,50.36,166.17,93%,69.99,2.0,0.0,4.0,1.0,1.0,1.0,1.0
23487,6298.0,Isle of Wight,Virginia,3.0,0.0,8.0,1.0,1.0,3.0,2.0,1392.0,66.89,218.8,70%,69.99,2.0,0.0,4.0,1.0,1.0,1.0,1.0
23851,13715.0,Isle of Wight,Virginia,4.0,0.0,9.0,2.0,2.0,4.0,3.0,918.0,28.56,86.06,92%,69.99,2.0,0.0,4.0,1.0,1.0,1.0,1.0
23898,2223.0,Isle of Wight,Virginia,3.0,0.0,8.0,1.0,1.0,3.0,2.0,0.0,0.0,0.0,19%,69.99,2.0,0.0,4.0,1.0,1.0,1.0,1.0
23168,6115.0,James City,Virginia,4.0,0.0,9.0,2.0,2.0,4.0,3.0,0.0,0.0,0.0,96%,39.99,3.0,0.0,5.0,2.0,2.0,2.0,2.0
23185,46370.0,James City,Virginia,5.0,1.0,11.0,3.0,3.0,6.0,4.0,61496.0,90.92,205.8,90%,39.99,3.0,0.0,5.0,2.0,2.0,2.0,2.0
23188,38733.0,James City,Virginia,5.0,0.0,10.0,3.0,3.0,5.0,4.0,87530.0,97.48,244.29,96%,39.99,3.0,0.0,5.0,2.0,2.0,2.0,2.0
23091,309.0,King and Queen,Virginia,0.0,2.0,7.0,0.0,0.0,3.0,1.0,240.0,2.37,7.27,4%,159.99,0.0,2.0,4.0,0.0,0.0,0.0,0.0
23108,161.0,King and Queen,Virginia,1.0,1.0,6.0,0.0,0.0,3.0,1.0,0.0,0.0,0.0,3%,159.99,1.0,2.0,5.0,0.0,0.0,0.0,0.0
23110,794.0,King and Queen,Virginia,1.0,1.0,7.0,1.0,1.0,3.0,2.0,44.0,4.27,5.11,53%,65.99,1.0,1.0,4.0,1.0,1.0,1.0,1.0
23148,1827.0,King and Queen,Virginia,2.0,2.0,9.0,1.0,1.0,4.0,2.0,0.0,0.0,0.0,9%,39.99,2.0,2.0,6.0,1.0,0.0,2.0,0.0
23156,1555.0,King and Queen,Virginia,2.0,1.0,8.0,2.0,2.0,4.0,3.0,0.0,0.0,0.0,46%,65.99,1.0,2.0,5.0,1.0,1.0,1.0,1.0
22448,599.0,King George,Virginia,3.0,0.0,9.0,1.0,1.0,3.0,1.0,630.0,7.07,17.08,97%,39.99,2.0,0.0,4.0,1.0,0.0,1.0,0.0
22485,23004.0,King George,Virginia,5.0,2.0,13.0,3.0,3.0,6.0,4.0,49960.0,69.06,192.9,94%,39.99,3.0,1.0,6.0,2.0,1.0,3.0,1.0
23009,6279.0,King William,Virginia,3.0,1.0,9.0,1.0,1.0,3.0,2.0,4828.0,1.77,2.81,49%,39.99,2.0,1.0,5.0,0.0,0.0,0.0,0.0
23086,3247.0,King William,Virginia,4.0,1.0,10.0,2.0,2.0,4.0,3.0,76.0,12.48,28.35,36%,39.99,1.0,1.0,4.0,0.0,0.0,0.0,0.0
23106,976.0,King William,Virginia,2.0,0.0,7.0,1.0,1.0,3.0,2.0,770.0,1.25,1.82,20%,39.99,1.0,0.0,3.0,0.0,0.0,0.0,0.0
23181,5426.0,King William,Virginia,3.0,1.0,9.0,1.0,1.0,3.0,2.0,5752.0,54.61,59.25,74%,65.99,2.0,1.0,5.0,1.0,1.0,1.0,1.0
22480,714.0,Lancaster,Virginia,3.0,2.0,10.0,1.0,1.0,4.0,2.0,2352.0,42.26,104.38,100%,39.99,2.0,1.0,5.0,1.0,0.0,1.0,0.0
22482,2993.0,Lancaster,Virginia,3.0,2.0,10.0,1.0,1.0,3.0,2.0,3048.0,49.64,129.72,87%,39.99,2.0,2.0,6.0,1.0,0.0,1.0,0.0
22503,4334.0,Lancaster,Virginia,4.0,2.0,11.0,2.0,2.0,4.0,3.0,2118.0,16.61,49.39,45%,39.99,2.0,2.0,6.0,1.0,0.0,1.0,0.0
22576,1785.0,Lancaster,Virginia,3.0,2.0,10.0,1.0,1.0,4.0,2.0,960.0,35.86,89.11,91%,39.99,2.0,2.0,6.0,1.0,0.0,1.0,0.0
22578,2510.0,Lancaster,Virginia,3.0,2.0,10.0,1.0,1.0,4.0,2.0,2424.0,30.77,95.38,98%,39.99,2.0,1.0,5.0,1.0,0.0,1.0,0.0
24221,938.0,Lee,Virginia,3.0,0.0,8.0,2.0,2.0,4.0,3.0,4.0,26.25,26.25,79%,45.95,2.0,0.0,4.0,1.0,0.0,1.0,0.0
24243,2222.0,Lee,Virginia,3.0,0.0,7.0,2.0,2.0,4.0,2.0,188.0,61.19,205.47,96%,45.95,3.0,0.0,5.0,2.0,1.0,2.0,1.0
24248,2596.0,Lee,Virginia,2.0,0.0,7.0,2.0,2.0,4.0,3.0,1130.0,14.62,31.57,93%,45.95,0.0,0.0,2.0,0.0,0.0,0.0,0.0
24263,7950.0,Lee,Virginia,5.0,0.0,10.0,3.0,3.0,5.0,4.0,1442.0,23.93,50.89,90%,45.95,3.0,0.0,5.0,2.0,0.0,2.0,0.0
24265,930.0,Lee,Virginia,2.0,0.0,6.0,2.0,2.0,4.0,2.0,306.0,9.28,20.22,75%,45.95,2.0,0.0,4.0,1.0,0.0,1.0,0.0
24277,5849.0,Lee,Virginia,5.0,0.0,9.0,3.0,3.0,5.0,4.0,2498.0,46.67,121.41,95%,45.95,4.0,0.0,6.0,3.0,1.0,3.0,1.0
24281,2487.0,Lee,Virginia,3.0,0.0,7.0,3.0,3.0,5.0,4.0,890.0,38.5,95.82,87%,45.95,0.0,0.0,2.0,0.0,0.0,0.0,0.0
24282,727.0,Lee,Virginia,1.0,0.0,5.0,1.0,1.0,3.0,1.0,0.0,0.0,0.0,41%,45.95,0.0,0.0,2.0,0.0,0.0,0.0,0.0
20105,11315.0,Loudoun,Virginia,3.0,2.0,11.0,2.0,2.0,6.0,2.0,79248.0,136.44,330.06,100%,39.99,4.0,2.0,8.0,2.0,2.0,3.0,2.0
20117,2693.0,Loudoun,Virginia,4.0,2.0,11.0,2.0,2.0,6.0,2.0,798.0,11.47,17.42,100%,39.99,2.0,2.0,6.0,1.0,1.0,2.0,1.0
20129,618.0,Loudoun,Virginia,3.0,2.0,11.0,2.0,2.0,6.0,2.0,0.0,0.0,0.0,100%,39.99,3.0,2.0,7.0,2.0,2.0,3.0,2.0
20132,15900.0,Loudoun,Virginia,4.0,2.0,12.0,2.0,2.0,6.0,2.0,60800.0,130.33,469.69,100%,39.99,3.0,2.0,7.0,2.0,2.0,3.0,2.0
20141,6131.0,Loudoun,Virginia,3.0,3.0,11.0,2.0,2.0,7.0,2.0,46764.0,342.3,535.28,100%,39.99,3.0,2.0,7.0,2.0,2.0,3.0,2.0
20147,54086.0,Loudoun,Virginia,5.0,1.0,12.0,3.0,3.0,6.0,3.0,337462.0,148.61,487.89,100%,39.99,4.0,1.0,7.0,3.0,3.0,3.0,3.0
20148,28310.0,Loudoun,Virginia,4.0,1.0,11.0,3.0,3.0,6.0,3.0,90774.0,160.13,480.66,100%,39.99,4.0,0.0,6.0,3.0,3.0,3.0,3.0
20152,24946.0,Loudoun,Virginia,4.0,1.0,11.0,2.0,2.0,5.0,2.0,138968.0,203.1,446.53,100%,39.99,3.0,0.0,5.0,2.0,2.0,2.0,2.0
20158,4288.0,Loudoun,Virginia,2.0,2.0,10.0,1.0,1.0,5.0,1.0,5296.0,77.22,90.46,100%,79.99,2.0,2.0,6.0,1.0,1.0,2.0,1.0
20164,37747.0,Loudoun,Virginia,4.0,1.0,11.0,2.0,2.0,5.0,2.0,48348.0,208.0,700.91,100%,39.99,4.0,1.0,7.0,2.0,2.0,2.0,2.0
20165,32383.0,Loudoun,Virginia,4.0,1.0,11.0,3.0,3.0,6.0,3.0,70556.0,119.29,296.87,100%,39.99,4.0,0.0,6.0,3.0,3.0,3.0,3.0
20166,9521.0,Loudoun,Virginia,4.0,1.0,11.0,2.0,2.0,5.0,2.0,6408.0,66.31,159.9,100%,39.99,5.0,1.0,8.0,2.0,2.0,2.0,2.0
20175,27169.0,Loudoun,Virginia,4.0,2.0,12.0,2.0,2.0,6.0,2.0,70596.0,191.85,527.16,100%,39.99,4.0,2.0,8.0,2.0,2.0,3.0,2.0
20176,46506.0,Loudoun,Virginia,5.0,2.0,13.0,3.0,3.0,7.0,3.0,95520.0,145.56,516.03,100%,39.99,4.0,2.0,8.0,3.0,3.0,4.0,3.0
20180,6549.0,Loudoun,Virginia,3.0,2.0,10.0,1.0,1.0,5.0,1.0,9382.0,6.11,10.58,100%,79.99,2.0,2.0,6.0,1.0,1.0,2.0,1.0
20197,1840.0,Loudoun,Virginia,1.0,2.0,8.0,1.0,1.0,5.0,1.0,2558.0,139.77,215.3,100%,79.99,1.0,2.0,5.0,1.0,1.0,2.0,1.0
23024,8120.0,Louisa,Virginia,5.0,2.0,12.0,3.0,2.0,7.0,3.0,17682.0,6.86,17.33,47%,79.99,3.0,2.0,7.0,1.0,1.0,2.0,1.0
23093,12694.0,Louisa,Virginia,5.0,3.0,13.0,3.0,3.0,7.0,4.0,5198.0,49.53,133.37,63%,79.99,3.0,4.0,9.0,1.0,1.0,2.0,1.0
23102,2659.0,Louisa,Virginia,3.0,0.0,8.0,1.0,1.0,3.0,1.0,1966.0,64.27,219.38,75%,79.99,2.0,0.0,4.0,1.0,1.0,1.0,1.0
23117,9141.0,Louisa,Virginia,3.0,3.0,11.0,1.0,1.0,5.0,2.0,8226.0,9.22,17.69,88%,79.99,2.0,3.0,7.0,1.0,1.0,3.0,2.0
23944,4261.0,Lunenburg,Virginia,3.0,1.0,9.0,3.0,2.0,5.0,2.0,784.0,40.59,83.82,42%,65.0,2.0,1.0,5.0,1.0,1.0,1.0,1.0
23974,5012.0,Lunenburg,Virginia,4.0,1.0,9.0,2.0,1.0,4.0,1.0,170.0,70.21,287.9,39%,79.99,3.0,2.0,7.0,1.0,1.0,1.0,1.0
24501,26757.0,Lynchburg,Virginia,6.0,1.0,13.0,2.0,2.0,5.0,2.0,47790.0,16.64,39.62,97%,65.0,6.0,1.0,9.0,2.0,2.0,2.0,2.0
24502,43426.0,Lynchburg,Virginia,7.0,1.0,14.0,4.0,4.0,7.0,4.0,133236.0,33.86,91.72,86%,59.95,7.0,1.0,10.0,3.0,3.0,3.0,3.0
24503,19331.0,Lynchburg,Virginia,5.0,3.0,14.0,2.0,2.0,7.0,2.0,8220.0,30.62,88.0,100%,65.0,4.0,2.0,8.0,2.0,2.0,2.0,2.0
24504,9777.0,Lynchburg,Virginia,6.0,2.0,14.0,2.0,2.0,6.0,2.0,2014.0,46.21,128.86,93%,65.0,5.0,1.0,8.0,2.0,2.0,2.0,2.0
22709,874.0,Madison,Virginia,3.0,3.0,11.0,1.0,1.0,6.0,3.0,200.0,8.76,13.94,100%,79.99,2.0,1.0,5.0,1.0,1.0,2.0,1.0
22711,92.0,Madison,Virginia,0.0,2.0,7.0,0.0,0.0,4.0,2.0,18.0,12.36,16.26,100%,159.99,0.0,1.0,3.0,0.0,0.0,1.0,0.0
22715,1082.0,Madison,Virginia,2.0,3.0,10.0,1.0,1.0,6.0,3.0,0.0,0.0,0.0,100%,79.99,2.0,1.0,5.0,1.0,1.0,2.0,1.0
22719,395.0,Madison,Virginia,1.0,2.0,8.0,0.0,0.0,4.0,2.0,170.0,7.8,27.31,100%,159.99,1.0,1.0,4.0,0.0,0.0,1.0,0.0
22722,273.0,Madison,Virginia,0.0,2.0,7.0,0.0,0.0,4.0,2.0,66.0,5.17,11.57,100%,159.99,0.0,1.0,3.0,0.0,0.0,1.0,0.0
22723,128.0,Madison,Virginia,1.0,3.0,8.0,0.0,0.0,5.0,2.0,124.0,4.23,12.62,100%,159.99,1.0,1.0,4.0,0.0,0.0,1.0,0.0
22727,5547.0,Madison,Virginia,3.0,3.0,11.0,1.0,1.0,6.0,3.0,28050.0,18.38,40.1,100%,79.99,2.0,2.0,6.0,1.0,1.0,2.0,1.0
22730,115.0,Madison,Virginia,0.0,2.0,6.0,0.0,0.0,4.0,2.0,208.0,8.83,16.95,100%,159.99,0.0,1.0,3.0,0.0,0.0,1.0,0.0
22731,139.0,Madison,Virginia,1.0,3.0,9.0,1.0,1.0,6.0,3.0,0.0,0.0,0.0,100%,79.99,1.0,1.0,4.0,1.0,1.0,2.0,1.0
22732,191.0,Madison,Virginia,2.0,3.0,9.0,1.0,1.0,6.0,3.0,450.0,6.4,18.37,100%,79.99,2.0,1.0,5.0,1.0,1.0,2.0,1.0
22738,1149.0,Madison,Virginia,2.0,3.0,10.0,1.0,1.0,6.0,3.0,2.0,12.57,12.57,100%,79.99,2.0,2.0,6.0,1.0,1.0,2.0,1.0
22743,204.0,Madison,Virginia,0.0,3.0,8.0,0.0,0.0,5.0,2.0,0.0,0.0,0.0,100%,159.99,0.0,1.0,3.0,0.0,0.0,1.0,0.0
22948,305.0,Madison,Virginia,1.0,3.0,9.0,0.0,0.0,5.0,2.0,4.0,0.65,0.71,100%,159.99,1.0,1.0,4.0,0.0,0.0,1.0,0.0
22960,10722.0,Madison,Virginia,3.0,4.0,12.0,1.0,1.0,6.0,3.0,6392.0,119.37,243.42,93%,79.99,2.0,3.0,7.0,1.0,1.0,2.0,1.0
20110,43876.0,Manassas,Virginia,5.0,0.0,11.0,3.0,3.0,5.0,3.0,265208.0,288.33,542.98,99%,39.99,3.0,1.0,6.0,2.0,2.0,2.0,2.0
23021,345.0,Mathews,Virginia,2.0,1.0,8.0,1.0,1.0,3.0,2.0,0.0,0.0,0.0,97%,39.99,2.0,0.0,4.0,1.0,0.0,1.0,0.0
23025,233.0,Mathews,Virginia,3.0,1.0,9.0,2.0,2.0,4.0,3.0,0.0,0.0,0.0,98%,39.99,2.0,0.0,4.0,1.0,0.0,1.0,0.0
23035,1473.0,Mathews,Virginia,2.0,2.0,9.0,1.0,1.0,3.0,2.0,2286.0,41.4,74.13,97%,39.99,2.0,1.0,5.0,1.0,0.0,2.0,0.0
23045,96.0,Mathews,Virginia,2.0,2.0,9.0,1.0,1.0,3.0,2.0,0.0,0.0,0.0,89%,39.99,2.0,1.0,5.0,1.0,0.0,1.0,0.0
23050,598.0,Mathews,Virginia,3.0,2.0,10.0,2.0,2.0,4.0,3.0,180.0,84.21,221.76,82%,39.99,3.0,1.0,6.0,2.0,1.0,3.0,1.0
23056,458.0,Mathews,Virginia,2.0,2.0,9.0,1.0,1.0,3.0,2.0,0.0,0.0,0.0,86%,39.99,2.0,1.0,5.0,1.0,0.0,2.0,0.0
23068,257.0,Mathews,Virginia,2.0,2.0,9.0,1.0,1.0,3.0,2.0,0.0,0.0,0.0,96%,39.99,2.0,1.0,5.0,1.0,0.0,2.0,0.0
23076,606.0,Mathews,Virginia,2.0,2.0,9.0,1.0,1.0,3.0,2.0,30.0,3.47,5.4,93%,39.99,2.0,2.0,6.0,1.0,0.0,2.0,0.0
23109,1821.0,Mathews,Virginia,3.0,2.0,10.0,1.0,1.0,3.0,2.0,1834.0,132.8,519.73,98%,39.99,2.0,1.0,5.0,1.0,0.0,2.0,0.0
23119,295.0,Mathews,Virginia,3.0,2.0,10.0,1.0,1.0,3.0,2.0,0.0,0.0,0.0,96%,39.99,2.0,1.0,5.0,1.0,0.0,2.0,0.0
23125,223.0,Mathews,Virginia,2.0,2.0,9.0,1.0,1.0,3.0,2.0,0.0,0.0,0.0,98%,39.99,2.0,0.0,4.0,1.0,0.0,1.0,0.0
23128,1045.0,Mathews,Virginia,3.0,2.0,10.0,2.0,2.0,4.0,3.0,0.0,0.0,0.0,85%,39.99,3.0,1.0,6.0,2.0,1.0,3.0,1.0
23130,268.0,Mathews,Virginia,2.0,2.0,9.0,1.0,1.0,3.0,2.0,0.0,0.0,0.0,97%,39.99,2.0,1.0,5.0,1.0,0.0,1.0,0.0
23138,953.0,Mathews,Virginia,2.0,1.0,8.0,1.0,1.0,3.0,2.0,434.0,53.39,117.34,92%,39.99,2.0,1.0,5.0,1.0,0.0,1.0,0.0
23163,220.0,Mathews,Virginia,2.0,1.0,8.0,1.0,1.0,3.0,2.0,0.0,0.0,0.0,98%,39.99,2.0,0.0,4.0,1.0,0.0,1.0,0.0
23917,3684.0,Mecklenburg,Virginia,5.0,2.0,13.0,3.0,3.0,6.0,4.0,43638.0,309.22,758.23,20%,45.0,4.0,1.0,7.0,1.0,1.0,1.0,1.0
23919,2666.0,Mecklenburg,Virginia,2.0,0.0,7.0,2.0,1.0,4.0,1.0,6306.0,5.4,9.59,52%,79.99,1.0,0.0,3.0,0.0,0.0,0.0,0.0
23924,6232.0,Mecklenburg,Virginia,4.0,2.0,11.0,2.0,2.0,5.0,2.0,2482.0,52.53,201.89,67%,69.95,2.0,1.0,5.0,1.0,1.0,1.0,1.0
23927,4381.0,Mecklenburg,Virginia,4.0,2.0,11.0,2.0,2.0,5.0,3.0,30510.0,58.86,147.29,53%,65.0,4.0,1.0,7.0,1.0,1.0,1.0,1.0
23950,3348.0,Mecklenburg,Virginia,3.0,1.0,9.0,3.0,1.0,5.0,1.0,88.0,15.32,22.96,51%,79.99,3.0,1.0,6.0,1.0,1.0,1.0,1.0
23970,8254.0,Mecklenburg,Virginia,4.0,1.0,10.0,2.0,1.0,4.0,1.0,3528.0,95.9,234.69,66%,79.99,4.0,1.0,7.0,1.0,1.0,1.0,1.0
24529,1724.0,Mecklenburg,Virginia,4.0,2.0,10.0,2.0,2.0,5.0,3.0,10.0,53.67,67.41,39%,65.0,2.0,1.0,5.0,1.0,1.0,1.0,1.0
23043,1692.0,Middlesex,Virginia,3.0,2.0,10.0,1.0,1.0,3.0,2.0,1264.0,49.17,112.47,96%,39.99,2.0,1.0,5.0,1.0,0.0,1.0,0.0
23070,431.0,Middlesex,Virginia,3.0,2.0,10.0,1.0,1.0,3.0,2.0,490.0,53.25,185.26,98%,39.99,2.0,1.0,5.0,1.0,0.0,1.0,0.0
23071,1563.0,Middlesex,Virginia,3.0,2.0,10.0,1.0,1.0,3.0,2.0,3610.0,54.66,168.98,97%,39.99,2.0,1.0,5.0,1.0,0.0,1.0,0.0
23079,437.0,Middlesex,Virginia,2.0,2.0,9.0,1.0,1.0,3.0,2.0,8.0,7.69,9.64,22%,39.99,2.0,1.0,5.0,1.0,0.0,1.0,0.0
23092,584.0,Middlesex,Virginia,2.0,2.0,9.0,1.0,1.0,3.0,2.0,576.0,59.0,186.69,97%,39.99,2.0,1.0,5.0,1.0,0.0,1.0,0.0
23149,3190.0,Middlesex,Virginia,4.0,3.0,12.0,2.0,2.0,5.0,3.0,496.0,5.0,8.65,58%,39.99,3.0,2.0,7.0,2.0,1.0,2.0,1.0
23169,1325.0,Middlesex,Virginia,4.0,2.0,11.0,2.0,2.0,4.0,3.0,6284.0,172.59,250.92,99%,39.99,2.0,2.0,6.0,1.0,0.0,1.0,0.0
23175,1907.0,Middlesex,Virginia,3.0,2.0,10.0,1.0,1.0,3.0,2.0,314.0,19.02,78.54,93%,39.99,2.0,1.0,5.0,1.0,0.0,1.0,0.0
24060,53311.0,Montgomery,Virginia,5.0,3.0,14.0,1.0,1.0,4.0,2.0,90178.0,74.44,216.89,92%,79.99,3.0,1.0,6.0,1.0,1.0,1.0,1.0
24073,29793.0,Montgomery,Virginia,8.0,2.0,16.0,4.0,4.0,7.0,5.0,46886.0,30.23,81.04,97%,45.95,6.0,1.0,9.0,2.0,2.0,2.0,2.0
24087,3914.0,Montgomery,Virginia,2.0,2.0,10.0,1.0,1.0,4.0,2.0,338.0,22.85,84.68,82%,79.99,2.0,2.0,6.0,1.0,1.0,1.0,1.0
24138,1613.0,Montgomery,Virginia,4.0,1.0,11.0,2.0,1.0,4.0,2.0,24.0,3.79,6.56,48%,49.95,2.0,2.0,6.0,0.0,0.0,0.0,0.0
24141,20668.0,Montgomery,Virginia,7.0,2.0,15.0,4.0,3.0,7.0,4.0,2792.0,28.38,80.13,95%,45.95,5.0,2.0,9.0,2.0,2.0,2.0,2.0
24149,3339.0,Montgomery,Virginia,5.0,1.0,12.0,3.0,2.0,5.0,3.0,316.0,16.75,45.56,50%,59.95,4.0,1.0,7.0,2.0,2.0,2.0,2.0
24162,2421.0,Montgomery,Virginia,3.0,1.0,10.0,1.0,1.0,3.0,2.0,0.0,0.0,0.0,84%,79.99,3.0,1.0,6.0,1.0,1.0,1.0,1.0
22920,4186.0,Nelson,Virginia,4.0,4.0,13.0,2.0,1.0,6.0,2.0,4292.0,18.6,45.67,98%,79.99,3.0,2.0,7.0,0.0,0.0,0.0,0.0
22938,1444.0,Nelson,Virginia,5.0,1.0,11.0,3.0,3.0,6.0,4.0,536.0,11.8,30.58,91%,48.99,3.0,2.0,7.0,1.0,0.0,1.0,0.0
22958,1637.0,Nelson,Virginia,7.0,2.0,14.0,5.0,4.0,8.0,5.0,2690.0,38.47,107.65,100%,33.99,3.0,2.0,7.0,1.0,0.0,1.0,0.0
22967,1956.0,Nelson,Virginia,5.0,2.0,12.0,3.0,2.0,6.0,3.0,274.0,17.11,53.55,99%,33.99,2.0,2.0,6.0,1.0,0.0,1.0,0.0
24553,1902.0,Nelson,Virginia,5.0,2.0,13.0,3.0,2.0,6.0,3.0,454.0,134.94,302.39,88%,79.99,2.0,1.0,5.0,0.0,0.0,0.0,0.0
23089,4914.0,New Kent,Virginia,4.0,1.0,10.0,2.0,2.0,4.0,3.0,1016.0,68.75,200.21,79%,39.99,3.0,0.0,5.0,2.0,2.0,2.0,2.0
23124,3185.0,New Kent,Virginia,2.0,0.0,7.0,1.0,1.0,3.0,2.0,1272.0,51.14,113.49,65%,65.99,2.0,0.0,4.0,1.0,1.0,1.0,1.0
23140,5175.0,New Kent,Virginia,4.0,1.0,10.0,2.0,2.0,5.0,3.0,2168.0,90.23,251.12,91%,39.99,3.0,0.0,5.0,2.0,2.0,2.0,2.0
23141,6471.0,New Kent,Virginia,5.0,0.0,10.0,3.0,3.0,5.0,4.0,14288.0,84.4,188.33,94%,39.99,3.0,0.0,5.0,2.0,2.0,2.0,2.0
23601,25127.0,Newport News,Virginia,4.0,0.0,9.0,2.0,2.0,4.0,3.0,20016.0,79.32,244.21,97%,39.99,3.0,0.0,5.0,2.0,2.0,2.0,2.0
23602,39676.0,Newport News,Virginia,4.0,0.0,9.0,2.0,2.0,4.0,3.0,63658.0,73.17,188.3,98%,39.99,3.0,0.0,5.0,2.0,2.0,2.0,2.0
23603,3899.0,Newport News,Virginia,4.0,0.0,9.0,2.0,2.0,4.0,3.0,60.0,72.14,460.15,90%,39.99,3.0,0.0,5.0,2.0,2.0,2.0,2.0
23604,5720.0,Newport News,Virginia,2.0,0.0,7.0,1.0,1.0,3.0,2.0,3928.0,27.72,52.63,95%,65.99,2.0,0.0,4.0,1.0,1.0,1.0,1.0
23605,13854.0,Newport News,Virginia,4.0,0.0,9.0,2.0,2.0,4.0,3.0,5884.0,19.02,54.53,98%,39.99,3.0,0.0,5.0,2.0,2.0,2.0,2.0
23606,29283.0,Newport News,Virginia,5.0,0.0,10.0,3.0,3.0,5.0,4.0,36928.0,74.68,179.71,99%,39.99,3.0,0.0,5.0,2.0,2.0,2.0,2.0
23607,24519.0,Newport News,Virginia,4.0,0.0,9.0,2.0,2.0,4.0,3.0,15814.0,62.96,99.54,95%,39.99,3.0,0.0,5.0,2.0,2.0,2.0,2.0
23608,42917.0,Newport News,Virginia,4.0,0.0,9.0,2.0,2.0,4.0,3.0,36364.0,117.2,351.78,99%,39.99,3.0,0.0,5.0,2.0,2.0,2.0,2.0
23502,20678.0,Norfolk,Virginia,5.0,0.0,10.0,3.0,3.0,5.0,4.0,14326.0,59.76,166.1,95%,39.99,3.0,0.0,5.0,2.0,2.0,2.0,2.0
23503,30856.0,Norfolk,Virginia,4.0,0.0,9.0,2.0,2.0,4.0,3.0,73728.0,62.86,127.57,98%,39.99,3.0,0.0,5.0,2.0,2.0,2.0,2.0
23504,23483.0,Norfolk,Virginia,3.0,0.0,8.0,1.0,1.0,3.0,2.0,24494.0,75.84,187.03,89%,65.99,2.0,0.0,4.0,1.0,1.0,1.0,1.0
23505,28503.0,Norfolk,Virginia,3.0,0.0,8.0,1.0,1.0,3.0,2.0,12438.0,65.11,166.8,96%,65.99,2.0,0.0,4.0,1.0,1.0,1.0,1.0
23507,25818.0,Norfolk,Virginia,3.0,0.0,8.0,1.0,1.0,3.0,2.0,16026.0,78.54,172.71,99%,65.99,2.0,0.0,4.0,1.0,1.0,1.0,1.0
23508,20263.0,Norfolk,Virginia,3.0,0.0,8.0,1.0,1.0,3.0,2.0,28120.0,99.37,249.26,99%,65.99,2.0,0.0,4.0,1.0,1.0,1.0,1.0
23509,12817.0,Norfolk,Virginia,3.0,0.0,8.0,1.0,1.0,3.0,2.0,10090.0,78.52,183.39,99%,65.99,2.0,0.0,4.0,1.0,1.0,1.0,1.0
23510,7031.0,Norfolk,Virginia,5.0,0.0,10.0,3.0,3.0,5.0,4.0,9382.0,68.23,153.17,78%,39.99,2.0,0.0,4.0,1.0,1.0,1.0,1.0
23511,2457.0,Norfolk,Virginia,3.0,0.0,8.0,1.0,1.0,3.0,2.0,644.0,8.76,24.06,38%,65.99,2.0,0.0,4.0,1.0,1.0,1.0,1.0
23513,29595.0,Norfolk,Virginia,3.0,0.0,8.0,1.0,1.0,3.0,2.0,37336.0,79.0,221.79,98%,65.99,4.0,0.0,6.0,2.0,2.0,2.0,2.0
23517,4484.0,Norfolk,Virginia,3.0,0.0,8.0,1.0,1.0,3.0,2.0,15920.0,111.36,313.1,97%,65.99,2.0,0.0,4.0,1.0,1.0,1.0,1.0
23518,28095.0,Norfolk,Virginia,4.0,0.0,9.0,2.0,2.0,4.0,3.0,38636.0,108.73,253.86,98%,39.99,3.0,0.0,5.0,2.0,2.0,2.0,2.0
23523,7793.0,Norfolk,Virginia,3.0,0.0,8.0,1.0,1.0,3.0,2.0,1698.0,6.87,6.9,98%,65.99,2.0,0.0,4.0,1.0,1.0,1.0,1.0
23551,930.0,Norfolk,Virginia,2.0,0.0,7.0,1.0,1.0,3.0,2.0,892.0,1.98,4.68,100%,65.99,2.0,0.0,4.0,1.0,1.0,1.0,1.0
23310,4736.0,Northampton,Virginia,6.0,3.0,14.0,3.0,3.0,7.0,4.0,3566.0,18.39,46.93,85%,59.99,3.0,2.0,7.0,2.0,2.0,2.0,2.0
23350,3403.0,Northampton,Virginia,5.0,2.0,12.0,3.0,3.0,6.0,4.0,18388.0,26.3,47.32,68%,59.99,3.0,1.0,6.0,2.0,2.0,3.0,2.0
23354,207.0,Northampton,Virginia,3.0,2.0,10.0,1.0,1.0,3.0,2.0,200.0,1.56,2.8,28%,59.99,2.0,1.0,5.0,1.0,1.0,2.0,1.0
23405,973.0,Northampton,Virginia,3.0,3.0,11.0,1.0,1.0,3.0,2.0,62.0,29.22,81.92,49%,59.99,2.0,2.0,6.0,1.0,1.0,1.0,1.0
22432,394.0,Northumberland,Virginia,1.0,2.0,7.0,1.0,1.0,3.0,2.0,18.0,4.34,11.31,86%,39.99,1.0,1.0,4.0,1.0,0.0,1.0,0.0
22435,2439.0,Northumberland,Virginia,4.0,2.0,10.0,2.0,2.0,4.0,3.0,778.0,92.6,193.4,92%,39.99,2.0,2.0,6.0,1.0,0.0,2.0,0.0
22473,5099.0,Northumberland,Virginia,3.0,2.0,9.0,2.0,2.0,4.0,3.0,3518.0,38.65,100.6,80%,39.99,2.0,1.0,5.0,1.0,0.0,1.0,0.0
22511,1240.0,Northumberland,Virginia,3.0,2.0,9.0,1.0,1.0,3.0,2.0,144.0,79.71,172.95,83%,39.99,2.0,1.0,5.0,1.0,0.0,1.0,0.0
22539,2063.0,Northumberland,Virginia,2.0,2.0,8.0,1.0,1.0,3.0,2.0,526.0,19.33,65.4,90%,39.99,4.0,3.0,9.0,2.0,0.0,2.0,0.0
24273,6262.0,Norton,Virginia,5.0,1.0,10.0,3.0,3.0,6.0,3.0,2636.0,90.55,200.77,98%,45.95,2.0,0.0,4.0,1.0,0.0,1.0,0.0
23824,7214.0,Nottoway,Virginia,5.0,1.0,11.0,4.0,4.0,6.0,4.0,2050.0,30.93,72.55,67%,65.0,4.0,1.0,7.0,1.0,1.0,1.0,1.0
23922,3785.0,Nottoway,Virginia,2.0,2.0,10.0,2.0,1.0,5.0,1.0,328.0,6.13,14.34,22%,65.0,2.0,1.0,5.0,1.0,1.0,1.0,1.0
23930,5690.0,Nottoway,Virginia,3.0,2.0,10.0,3.0,2.0,6.0,2.0,426.0,15.81,45.99,50%,65.0,2.0,1.0,5.0,1.0,1.0,1.0,1.0
22433,232.0,Orange,Virginia,1.0,1.0,6.0,0.0,0.0,3.0,1.0,0.0,0.0,0.0,38%,159.99,1.0,1.0,4.0,0.0,0.0,0.0,0.0
22508,12696.0,Orange,Virginia,4.0,1.0,10.0,2.0,2.0,5.0,3.0,4412.0,11.48,15.75,93%,39.99,3.0,1.0,6.0,2.0,2.0,3.0,2.0
22542,1950.0,Orange,Virginia,3.0,1.0,9.0,1.0,1.0,4.0,2.0,1246.0,9.16,18.29,45%,79.99,2.0,1.0,5.0,1.0,1.0,2.0,1.0
22567,3163.0,Orange,Virginia,3.0,1.0,9.0,1.0,1.0,4.0,2.0,1190.0,8.09,15.98,58%,79.99,2.0,1.0,5.0,1.0,1.0,2.0,1.0
22972,439.0,Orange,Virginia,1.0,2.0,8.0,0.0,0.0,4.0,1.0,0.0,0.0,0.0,95%,159.99,1.0,2.0,5.0,0.0,0.0,1.0,0.0
22835,11634.0,Page,Virginia,4.0,3.0,12.0,2.0,1.0,7.0,3.0,6676.0,94.98,231.47,99%,79.99,4.0,1.0,7.0,1.0,1.0,1.0,1.0
22849,5044.0,Page,Virginia,2.0,1.0,8.0,2.0,1.0,5.0,2.0,15598.0,145.09,355.42,100%,79.99,3.0,1.0,6.0,1.0,1.0,1.0,1.0
22851,5956.0,Page,Virginia,3.0,1.0,9.0,2.0,1.0,5.0,2.0,2292.0,250.44,320.41,100%,79.99,3.0,1.0,6.0,2.0,1.0,2.0,1.0
24053,2715.0,Patrick,Virginia,5.0,1.0,12.0,4.0,3.0,7.0,3.0,624.0,15.06,34.82,62%,49.95,2.0,1.0,5.0,1.0,0.0,1.0,0.0
24076,972.0,Patrick,Virginia,3.0,1.0,10.0,2.0,1.0,5.0,1.0,28.0,5.72,13.66,44%,49.95,2.0,1.0,5.0,1.0,1.0,1.0,1.0
24120,1860.0,Patrick,Virginia,3.0,0.0,9.0,2.0,1.0,4.0,2.0,188.0,19.8,62.87,22%,49.95,3.0,1.0,6.0,1.0,1.0,1.0,1.0
24133,2626.0,Patrick,Virginia,2.0,0.0,7.0,2.0,1.0,4.0,1.0,268.0,13.11,47.39,42%,79.99,2.0,1.0,5.0,1.0,1.0,1.0,1.0
24171,8250.0,Patrick,Virginia,5.0,0.0,10.0,4.0,3.0,6.0,3.0,2550.0,19.9,35.78,26%,49.95,4.0,1.0,7.0,3.0,2.0,3.0,2.0
23803,40542.0,Petersburg,Virginia,6.0,0.0,11.0,4.0,4.0,6.0,5.0,12368.0,88.65,232.58,97%,39.99,4.0,0.0,6.0,3.0,2.0,3.0,2.0
24069,1879.0,Pittsylvania,Virginia,3.0,1.0,9.0,2.0,1.0,4.0,1.0,64.0,8.07,18.54,72%,79.99,3.0,1.0,6.0,1.0,1.0,1.0,1.0
24527,3027.0,Pittsylvania,Virginia,3.0,1.0,9.0,1.0,1.0,3.0,1.0,0.0,0.0,0.0,72%,79.99,4.0,1.0,7.0,1.0,1.0,1.0,1.0
24531,9203.0,Pittsylvania,Virginia,8.0,3.0,17.0,4.0,3.0,7.0,3.0,9612.0,11.53,23.26,41%,45.0,6.0,3.0,11.0,2.0,1.0,2.0,1.0
24549,4292.0,Pittsylvania,Virginia,4.0,1.0,10.0,2.0,1.0,4.0,1.0,426.0,27.89,34.31,44%,79.99,6.0,1.0,9.0,3.0,1.0,3.0,1.0
24557,7977.0,Pittsylvania,Virginia,5.0,2.0,13.0,4.0,2.0,7.0,2.0,28.0,94.17,234.8,62%,45.0,4.0,1.0,7.0,1.0,1.0,1.0,1.0
24563,5489.0,Pittsylvania,Virginia,2.0,0.0,8.0,2.0,1.0,4.0,1.0,164.0,68.87,181.63,88%,79.99,3.0,1.0,6.0,1.0,1.0,1.0,1.0
24565,1026.0,Pittsylvania,Virginia,4.0,2.0,11.0,1.0,1.0,3.0,1.0,26.0,20.62,38.08,4%,79.99,2.0,2.0,6.0,0.0,0.0,0.0,0.0
24569,1064.0,Pittsylvania,Virginia,3.0,1.0,10.0,2.0,1.0,5.0,1.0,18.0,28.36,119.47,29%,79.99,2.0,0.0,4.0,0.0,0.0,0.0,0.0
24586,5562.0,Pittsylvania,Virginia,6.0,2.0,13.0,4.0,4.0,6.0,4.0,994.0,89.43,256.13,81%,45.0,3.0,2.0,7.0,2.0,1.0,2.0,1.0
24594,1651.0,Pittsylvania,Virginia,3.0,2.0,10.0,1.0,1.0,4.0,1.0,690.0,24.15,42.67,30%,79.99,3.0,1.0,6.0,1.0,1.0,1.0,1.0
23662,12150.0,Poquoson,Virginia,3.0,0.0,8.0,2.0,2.0,4.0,3.0,11168.0,157.54,520.16,99%,39.99,3.0,0.0,5.0,2.0,2.0,2.0,2.0
23701,25161.0,Portsmouth,Virginia,5.0,0.0,10.0,3.0,3.0,5.0,4.0,15410.0,178.34,418.25,99%,39.99,3.0,0.0,5.0,2.0,2.0,2.0,2.0
23702,11424.0,Portsmouth,Virginia,5.0,0.0,10.0,3.0,3.0,5.0,4.0,820.0,94.65,210.9,99%,39.99,3.0,0.0,5.0,2.0,2.0,2.0,2.0
23703,25739.0,Portsmouth,Virginia,5.0,0.0,10.0,3.0,3.0,5.0,4.0,28284.0,97.1,273.09,96%,39.99,4.0,0.0,6.0,3.0,3.0,3.0,3.0
23704,18716.0,Portsmouth,Virginia,4.0,0.0,9.0,2.0,2.0,4.0,3.0,13272.0,82.55,294.61,99%,39.99,3.0,0.0,5.0,2.0,2.0,2.0,2.0
23707,14236.0,Portsmouth,Virginia,3.0,0.0,8.0,1.0,1.0,3.0,2.0,13406.0,89.6,225.46,100%,65.99,2.0,0.0,4.0,1.0,1.0,1.0,1.0
23708,181.0,Portsmouth,Virginia,3.0,0.0,8.0,2.0,2.0,4.0,3.0,322.0,27.79,79.53,100%,39.99,3.0,0.0,5.0,2.0,2.0,2.0,2.0
23139,24425.0,Powhatan,Virginia,4.0,0.0,9.0,2.0,2.0,4.0,2.0,23838.0,99.72,241.36,84%,39.99,3.0,0.0,5.0,2.0,2.0,2.0,2.0
23160,2708.0,Powhatan,Virginia,2.0,0.0,7.0,1.0,1.0,3.0,1.0,0.0,0.0,0.0,28%,79.99,1.0,0.0,3.0,0.0,0.0,0.0,0.0
23901,16399.0,Prince Edward,Virginia,8.0,1.0,15.0,5.0,5.0,8.0,6.0,17354.0,27.7,77.57,82%,65.0,5.0,1.0,8.0,2.0,1.0,3.0,1.0
23909,2027.0,Prince Edward,Virginia,2.0,0.0,8.0,2.0,1.0,4.0,1.0,188.0,22.11,74.65,100%,65.0,2.0,0.0,4.0,1.0,1.0,1.0,1.0
23947,4293.0,Prince Edward,Virginia,5.0,4.0,14.0,2.0,2.0,5.0,2.0,1720.0,125.49,307.28,42%,65.0,4.0,2.0,8.0,1.0,1.0,1.0,1.0
23960,1990.0,Prince Edward,Virginia,3.0,1.0,10.0,2.0,1.0,4.0,1.0,84.0,6.37,9.63,23%,65.0,3.0,0.0,5.0,2.0,1.0,2.0,1.0
23801,3393.0,Prince George,Virginia,4.0,0.0,9.0,2.0,2.0,4.0,3.0,3526.0,220.82,347.73,99%,39.99,3.0,0.0,5.0,2.0,2.0,2.0,2.0
23830,1491.0,Prince George,Virginia,2.0,0.0,7.0,1.0,1.0,3.0,1.0,98.0,18.91,91.11,26%,79.99,2.0,0.0,4.0,1.0,1.0,1.0,1.0
23842,6906.0,Prince George,Virginia,4.0,0.0,9.0,2.0,2.0,4.0,3.0,454.0,30.95,87.76,82%,49.0,2.0,0.0,4.0,1.0,1.0,1.0,1.0
23875,10878.0,Prince George,Virginia,6.0,0.0,11.0,4.0,4.0,6.0,5.0,518.0,71.35,270.17,98%,39.99,3.0,0.0,5.0,2.0,2.0,2.0,2.0
20109,37265.0,Prince William,Virginia,5.0,1.0,12.0,3.0,3.0,6.0,3.0,84472.0,72.34,261.18,100%,39.99,4.0,0.0,6.0,3.0,3.0,3.0,3.0
20111,30590.0,Prince William,Virginia,4.0,0.0,10.0,2.0,2.0,4.0,2.0,65064.0,264.97,540.31,100%,39.99,3.0,0.0,5.0,2.0,2.0,2.0,2.0
20112,25833.0,Prince William,Virginia,4.0,0.0,10.0,2.0,2.0,4.0,2.0,11024.0,106.0,290.04,99%,39.99,3.0,0.0,5.0,2.0,2.0,2.0,2.0
20136,28498.0,Prince William,Virginia,5.0,1.0,12.0,3.0,3.0,6.0,3.0,50424.0,209.12,632.9,100%,39.99,4.0,0.0,6.0,3.0,3.0,3.0,3.0
20143,1216.0,Prince William,Virginia,3.0,1.0,10.0,2.0,2.0,5.0,2.0,440.0,13.52,47.58,100%,39.99,3.0,0.0,5.0,2.0,2.0,2.0,2.0
20155,29411.0,Prince William,Virginia,5.0,1.0,12.0,3.0,3.0,6.0,3.0,93050.0,164.89,456.99,100%,39.99,3.0,0.0,5.0,2.0,2.0,2.0,2.0
20169,19801.0,Prince William,Virginia,4.0,1.0,11.0,2.0,2.0,5.0,2.0,26294.0,130.24,332.85,100%,39.99,3.0,1.0,6.0,2.0,2.0,2.0,2.0
20181,7877.0,Prince William,Virginia,4.0,2.0,12.0,2.0,2.0,6.0,2.0,4790.0,57.38,170.54,99%,39.99,3.0,0.0,5.0,2.0,2.0,2.0,2.0
22025,17379.0,Prince William,Virginia,4.0,0.0,10.0,2.0,2.0,4.0,2.0,1078.0,188.03,435.9,100%,39.99,3.0,0.0,5.0,2.0,2.0,2.0,2.0
22026,14258.0,Prince William,Virginia,4.0,0.0,10.0,2.0,2.0,4.0,2.0,34956.0,207.54,536.99,100%,39.99,3.0,0.0,5.0,2.0,2.0,2.0,2.0
22134,6862.0,Prince William,Virginia,4.0,0.0,10.0,2.0,2.0,4.0,2.0,3708.0,75.55,175.69,90%,39.99,3.0,0.0,5.0,2.0,2.0,2.0,2.0
22172,8699.0,Prince William,Virginia,4.0,0.0,10.0,2.0,2.0,4.0,2.0,6122.0,205.52,538.98,100%,39.99,3.0,0.0,5.0,2.0,2.0,2.0,2.0
22191,57598.0,Prince William,Virginia,4.0,0.0,10.0,2.0,2.0,4.0,2.0,44758.0,156.85,481.59,99%,39.99,3.0,0.0,5.0,2.0,2.0,2.0,2.0
22192,53394.0,Prince William,Virginia,4.0,0.0,10.0,2.0,2.0,4.0,2.0,49052.0,140.28,508.36,99%,39.99,3.0,0.0,5.0,2.0,2.0,2.0,2.0
22193,73047.0,Prince William,Virginia,4.0,0.0,10.0,2.0,2.0,4.0,2.0,135746.0,196.97,529.58,100%,39.99,3.0,0.0,5.0,2.0,2.0,2.0,2.0
24084,11304.0,Pulaski,Virginia,6.0,3.0,15.0,3.0,3.0,7.0,4.0,1482.0,79.84,231.04,98%,45.95,5.0,3.0,10.0,3.0,3.0,4.0,3.0
24301,14366.0,Pulaski,Virginia,3.0,3.0,12.0,1.0,1.0,5.0,2.0,9450.0,112.27,221.94,100%,79.99,2.0,2.0,6.0,1.0,1.0,1.0,1.0
24324,2013.0,Pulaski,Virginia,3.0,3.0,12.0,1.0,1.0,5.0,2.0,4.0,80.35,80.35,99%,79.99,3.0,2.0,7.0,1.0,1.0,1.0,1.0
24347,1931.0,Pulaski,Virginia,4.0,2.0,12.0,1.0,1.0,4.0,2.0,0.0,0.0,0.0,76%,79.99,2.0,2.0,6.0,0.0,0.0,0.0,0.0
22627,637.0,Rappahannock,Virginia,4.0,2.0,11.0,3.0,2.0,7.0,3.0,1108.0,5.68,14.94,100%,79.99,3.0,0.0,5.0,1.0,1.0,1.0,1.0
22640,532.0,Rappahannock,Virginia,2.0,1.0,8.0,1.0,1.0,4.0,2.0,272.0,17.69,41.3,100%,79.99,2.0,0.0,4.0,1.0,1.0,1.0,1.0
22716,853.0,Rappahannock,Virginia,3.0,2.0,10.0,2.0,2.0,6.0,3.0,568.0,4.48,10.74,100%,79.99,1.0,1.0,4.0,0.0,0.0,1.0,0.0
22740,1313.0,Rappahannock,Virginia,4.0,4.0,13.0,2.0,2.0,8.0,4.0,754.0,6.68,14.54,88%,79.99,2.0,1.0,5.0,1.0,1.0,2.0,1.0
22747,1132.0,Rappahannock,Virginia,4.0,3.0,12.0,2.0,2.0,7.0,3.0,21094.0,368.18,843.79,81%,79.99,3.0,0.0,5.0,1.0,1.0,1.0,1.0
22749,349.0,Rappahannock,Virginia,2.0,2.0,8.0,1.0,1.0,5.0,2.0,14.0,13.29,28.62,100%,159.99,1.0,1.0,4.0,0.0,0.0,1.0,0.0
23173,2820.0,Richmond City,Virginia,3.0,0.0,8.0,2.0,2.0,4.0,2.0,6522.0,48.36,112.81,48%,39.99,3.0,0.0,5.0,2.0,2.0,2.0,2.0
23219,3781.0,Richmond City,Virginia,4.0,0.0,9.0,2.0,2.0,4.0,2.0,18478.0,44.15,94.27,92%,39.99,5.0,0.0,7.0,4.0,3.0,4.0,3.0
23220,35545.0,Richmond City,Virginia,4.0,0.0,9.0,2.0,2.0,4.0,2.0,80468.0,95.43,256.56,94%,39.99,3.0,0.0,5.0,2.0,2.0,2.0,2.0
23221,13680.0,Richmond City,Virginia,4.0,0.0,9.0,2.0,2.0,4.0,2.0,22108.0,101.59,261.09,99%,39.99,4.0,0.0,6.0,2.0,2.0,2.0,2.0
23222,24563.0,Richmond City,Virginia,4.0,0.0,9.0,2.0,2.0,4.0,2.0,8460.0,42.38,114.84,98%,39.99,3.0,0.0,5.0,2.0,2.0,2.0,2.0
23224,33461.0,Richmond City,Virginia,4.0,0.0,9.0,2.0,2.0,4.0,2.0,29368.0,88.54,278.99,99%,39.99,5.0,0.0,7.0,2.0,2.0,2.0,2.0
23225,39169.0,Richmond City,Virginia,4.0,0.0,9.0,2.0,2.0,4.0,2.0,19752.0,137.87,523.58,100%,39.99,3.0,0.0,5.0,2.0,2.0,2.0,2.0
23226,15805.0,Richmond City,Virginia,4.0,0.0,9.0,2.0,2.0,4.0,2.0,18500.0,170.54,330.39,99%,39.99,3.0,0.0,5.0,2.0,2.0,2.0,2.0
22460,1876.0,Richmond County,Virginia,2.0,2.0,9.0,1.0,1.0,4.0,2.0,68.0,35.96,98.43,84%,39.99,2.0,1.0,5.0,1.0,0.0,2.0,0.0
22572,7470.0,Richmond County,Virginia,4.0,2.0,11.0,2.0,2.0,5.0,3.0,4270.0,69.65,150.61,59%,39.99,3.0,2.0,7.0,1.0,0.0,2.0,0.0
24011,219.0,Roanoke City,Virginia,3.0,3.0,12.0,2.0,2.0,5.0,3.0,3712.0,62.84,195.55,100%,65.99,3.0,1.0,6.0,1.0,1.0,1.0,1.0
24012,29015.0,Roanoke City,Virginia,5.0,3.0,14.0,2.0,2.0,5.0,3.0,20172.0,119.12,390.94,99%,65.99,4.0,3.0,9.0,2.0,2.0,2.0,2.0
24013,8684.0,Roanoke City,Virginia,4.0,3.0,13.0,2.0,2.0,5.0,3.0,11942.0,56.29,162.79,92%,65.99,2.0,2.0,6.0,1.0,1.0,1.0,1.0
24014,16570.0,Roanoke City,Virginia,5.0,3.0,14.0,2.0,2.0,5.0,3.0,10852.0,23.26,52.05,98%,65.99,2.0,2.0,6.0,1.0,1.0,1.0,1.0
24015,15255.0,Roanoke City,Virginia,3.0,3.0,12.0,1.0,1.0,4.0,2.0,43220.0,65.35,161.86,99%,65.99,3.0,3.0,8.0,1.0,1.0,1.0,1.0
24016,9047.0,Roanoke City,Virginia,4.0,3.0,13.0,2.0,2.0,5.0,3.0,22874.0,51.95,136.65,100%,65.99,2.0,3.0,7.0,1.0,1.0,1.0,1.0
24017,23392.0,Roanoke City,Virginia,4.0,3.0,13.0,2.0,2.0,5.0,3.0,6884.0,33.34,100.08,99%,65.99,3.0,3.0,8.0,2.0,2.0,2.0,2.0
24018,36432.0,Roanoke County,Virginia,6.0,3.0,15.0,2.0,2.0,5.0,3.0,96054.0,66.06,135.62,99%,65.99,5.0,3.0,10.0,2.0,2.0,2.0,2.0
24019,26502.0,Roanoke County,Virginia,6.0,3.0,15.0,3.0,3.0,6.0,4.0,22782.0,64.29,162.92,99%,59.95,6.0,3.0,11.0,3.0,3.0,3.0,3.0
24059,872.0,Roanoke County,Virginia,3.0,2.0,11.0,1.0,1.0,4.0,2.0,0.0,0.0,0.0,85%,65.99,2.0,2.0,6.0,1.0,1.0,1.0,1.0
24070,1363.0,Roanoke County,Virginia,3.0,1.0,10.0,2.0,2.0,4.0,3.0,316.0,14.86,30.35,47%,66.95,3.0,1.0,6.0,2.0,1.0,2.0,1.0
24179,18616.0,Roanoke County,Virginia,4.0,2.0,12.0,2.0,2.0,5.0,3.0,6154.0,34.88,99.93,97%,65.99,3.0,1.0,6.0,2.0,2.0,2.0,2.0
24435,1925.0,Rockbridge,Virginia,2.0,1.0,8.0,2.0,1.0,5.0,2.0,5450.0,89.39,244.5,98%,60.0,1.0,0.0,3.0,0.0,0.0,0.0,0.0
24439,1253.0,Rockbridge,Virginia,5.0,2.0,12.0,3.0,3.0,7.0,4.0,84.0,9.65,24.94,85%,59.99,4.0,2.0,8.0,2.0,2.0,2.0,2.0
24450,16741.0,Rockbridge,Virginia,4.0,1.0,11.0,3.0,2.0,6.0,2.0,11290.0,71.9,212.81,94%,60.0,5.0,1.0,8.0,4.0,2.0,4.0,2.0
24472,2271.0,Rockbridge,Virginia,3.0,3.0,11.0,2.0,2.0,5.0,3.0,2578.0,58.61,139.63,95%,60.0,2.0,1.0,5.0,1.0,1.0,1.0,1.0
24473,922.0,Rockbridge,Virginia,4.0,1.0,10.0,3.0,2.0,6.0,2.0,34.0,1.92,8.66,97%,60.0,2.0,1.0,5.0,1.0,0.0,1.0,0.0
24483,587.0,Rockbridge,Virginia,3.0,2.0,10.0,1.0,1.0,5.0,2.0,74.0,4.27,9.27,45%,60.0,2.0,2.0,6.0,0.0,0.0,0.0,0.0
24555,2140.0,Rockbridge,Virginia,3.0,0.0,8.0,3.0,2.0,5.0,2.0,234.0,20.55,48.77,84%,60.0,2.0,0.0,4.0,1.0,1.0,1.0,1.0
24578,1056.0,Rockbridge,Virginia,3.0,0.0,8.0,3.0,2.0,5.0,2.0,192.0,35.37,109.3,77%,60.0,2.0,0.0,4.0,2.0,1.0,2.0,1.0
24579,1389.0,Rockbridge,Virginia,3.0,0.0,9.0,3.0,2.0,5.0,2.0,176.0,7.21,10.3,84%,60.0,2.0,0.0,4.0,2.0,1.0,2.0,1.0
22812,8927.0,Rockingham,Virginia,4.0,3.0,12.0,1.0,1.0,4.0,2.0,820.0,48.37,134.76,100%,79.99,3.0,2.0,7.0,1.0,1.0,1.0,1.0
22815,8355.0,Rockingham,Virginia,4.0,2.0,11.0,1.0,1.0,4.0,2.0,600.0,10.12,17.34,100%,79.99,3.0,1.0,6.0,1.0,1.0,1.0,1.0
22821,5753.0,Rockingham,Virginia,3.0,2.0,10.0,1.0,1.0,4.0,2.0,222.0,69.38,127.6,100%,79.99,2.0,1.0,5.0,1.0,1.0,1.0,1.0
22827,10388.0,Rockingham,Virginia,4.0,2.0,11.0,1.0,1.0,4.0,2.0,8652.0,74.74,221.11,99%,79.99,3.0,2.0,7.0,1.0,1.0,1.0,1.0
22831,813.0,Rockingham,Virginia,3.0,2.0,10.0,1.0,1.0,4.0,2.0,0.0,0.0,0.0,100%,79.99,2.0,1.0,5.0,1.0,1.0,1.0,1.0
22832,1091.0,Rockingham,Virginia,2.0,2.0,9.0,1.0,1.0,4.0,2.0,62.0,47.39,112.22,100%,79.99,2.0,1.0,5.0,1.0,1.0,1.0,1.0
22834,1250.0,Rockingham,Virginia,3.0,2.0,10.0,1.0,1.0,4.0,2.0,154.0,3.36,13.1,100%,79.99,2.0,1.0,5.0,1.0,1.0,1.0,1.0
22840,4354.0,Rockingham,Virginia,3.0,2.0,10.0,1.0,1.0,4.0,2.0,2010.0,116.22,329.08,100%,79.99,2.0,2.0,6.0,1.0,1.0,1.0,1.0
22841,2791.0,Rockingham,Virginia,3.0,3.0,11.0,1.0,1.0,4.0,2.0,72.0,15.75,59.38,100%,79.99,2.0,2.0,6.0,1.0,1.0,1.0,1.0
22846,1855.0,Rockingham,Virginia,3.0,2.0,10.0,1.0,1.0,4.0,2.0,6680.0,27.29,62.78,100%,79.99,2.0,1.0,5.0,1.0,1.0,1.0,1.0
22850,899.0,Rockingham,Virginia,3.0,2.0,10.0,1.0,1.0,4.0,2.0,84.0,8.7,26.39,100%,79.99,2.0,0.0,4.0,1.0,1.0,1.0,1.0
22853,4367.0,Rockingham,Virginia,4.0,2.0,11.0,1.0,1.0,4.0,2.0,258.0,6.63,13.23,100%,79.99,3.0,1.0,6.0,1.0,1.0,1.0,1.0
24441,6140.0,Rockingham,Virginia,4.0,3.0,12.0,1.0,1.0,4.0,2.0,800.0,36.96,127.52,100%,79.99,3.0,2.0,7.0,1.0,1.0,1.0,1.0
24471,1355.0,Rockingham,Virginia,3.0,2.0,10.0,1.0,1.0,4.0,2.0,0.0,0.0,0.0,100%,79.99,2.0,1.0,5.0,1.0,1.0,1.0,1.0
24224,6734.0,Russell,Virginia,5.0,1.0,10.0,3.0,3.0,5.0,3.0,2270.0,37.14,89.27,85%,45.95,4.0,0.0,6.0,2.0,1.0,2.0,1.0
24225,1697.0,Russell,Virginia,2.0,2.0,8.0,1.0,1.0,4.0,1.0,2.0,0.92,0.92,99%,45.95,1.0,0.0,3.0,0.0,0.0,0.0,0.0
24260,5734.0,Russell,Virginia,6.0,2.0,12.0,4.0,4.0,7.0,4.0,720.0,13.06,38.25,99%,45.95,5.0,0.0,7.0,3.0,3.0,3.0,3.0
24266,9521.0,Russell,Virginia,5.0,1.0,11.0,3.0,3.0,5.0,3.0,10830.0,36.32,85.86,83%,45.95,3.0,0.0,5.0,2.0,1.0,2.0,1.0
24280,823.0,Russell,Virginia,4.0,1.0,9.0,2.0,2.0,4.0,2.0,8.0,118.98,293.99,100%,45.95,2.0,0.0,4.0,1.0,1.0,1.0,1.0
24153,37761.0,Salem,Virginia,5.0,2.0,13.0,2.0,2.0,5.0,3.0,27310.0,87.8,217.89,97%,65.99,4.0,2.0,8.0,2.0,2.0,2.0,2.0
24244,5723.0,Scott,Virginia,6.0,0.0,11.0,3.0,3.0,5.0,4.0,1974.0,32.05,97.0,88%,45.95,5.0,0.0,7.0,3.0,1.0,3.0,1.0
24251,8773.0,Scott,Virginia,5.0,0.0,10.0,4.0,4.0,6.0,4.0,6144.0,25.94,72.58,91%,45.95,5.0,0.0,7.0,3.0,2.0,3.0,2.0
24258,1624.0,Scott,Virginia,4.0,1.0,10.0,4.0,4.0,6.0,4.0,32.0,19.46,27.29,100%,45.95,4.0,0.0,6.0,2.0,1.0,2.0,1.0
24271,2689.0,Scott,Virginia,4.0,1.0,10.0,3.0,3.0,5.0,3.0,1866.0,3.24,6.82,78%,45.95,3.0,0.0,5.0,2.0,1.0,2.0,1.0
24290,1874.0,Scott,Virginia,5.0,0.0,10.0,4.0,4.0,6.0,4.0,0.0,0.0,0.0,88%,45.95,3.0,0.0,5.0,1.0,0.0,1.0,0.0
22644,2177.0,Shenandoah,Virginia,4.0,0.0,9.0,3.0,3.0,5.0,4.0,0.0,0.0,0.0,89%,65.0,1.0,0.0,3.0,0.0,0.0,0.0,0.0
22652,1399.0,Shenandoah,Virginia,1.0,2.0,8.0,0.0,0.0,4.0,1.0,0.0,0.0,0.0,34%,299.0,2.0,0.0,4.0,0.0,0.0,0.0,0.0
22657,10956.0,Shenandoah,Virginia,5.0,2.0,12.0,3.0,3.0,7.0,4.0,2984.0,28.25,61.64,94%,65.0,3.0,0.0,5.0,1.0,1.0,1.0,1.0
22660,1689.0,Shenandoah,Virginia,3.0,0.0,8.0,2.0,2.0,4.0,3.0,1074.0,29.86,81.71,93%,65.0,1.0,0.0,3.0,0.0,0.0,0.0,0.0
22664,8753.0,Shenandoah,Virginia,4.0,1.0,10.0,3.0,3.0,6.0,4.0,20352.0,67.07,155.63,97%,65.0,2.0,0.0,4.0,0.0,0.0,0.0,0.0
22810,863.0,Shenandoah,Virginia,3.0,1.0,9.0,2.0,2.0,5.0,3.0,526.0,67.42,216.34,92%,65.0,1.0,0.0,3.0,0.0,0.0,0.0,0.0
22824,6018.0,Shenandoah,Virginia,4.0,1.0,10.0,3.0,3.0,6.0,4.0,18274.0,38.83,115.36,93%,65.0,1.0,0.0,3.0,0.0,0.0,0.0,0.0
22842,5063.0,Shenandoah,Virginia,5.0,1.0,11.0,3.0,3.0,6.0,4.0,152.0,57.61,297.81,88%,65.0,2.0,1.0,5.0,0.0,0.0,0.0,0.0
22844,4528.0,Shenandoah,Virginia,4.0,2.0,11.0,2.0,2.0,5.0,3.0,1282.0,60.92,184.43,99%,65.0,2.0,1.0,5.0,0.0,0.0,0.0,0.0
22845,33.0,Shenandoah,Virginia,2.0,1.0,8.0,1.0,1.0,4.0,2.0,0.0,0.0,0.0,100%,65.0,1.0,0.0,3.0,0.0,0.0,0.0,0.0
22847,1066.0,Shenandoah,Virginia,4.0,1.0,10.0,2.0,2.0,5.0,3.0,0.0,0.0,0.0,100%,65.0,2.0,0.0,4.0,0.0,0.0,0.0,0.0
24311,1977.0,Smyth,Virginia,3.0,1.0,10.0,2.0,2.0,5.0,3.0,0.0,0.0,0.0,92%,45.95,2.0,0.0,4.0,1.0,1.0,1.0,1.0
24319,6979.0,Smyth,Virginia,3.0,0.0,8.0,3.0,2.0,5.0,2.0,4854.0,86.06,236.97,98%,45.95,3.0,0.0,5.0,2.0,2.0,2.0,2.0
24354,15315.0,Smyth,Virginia,3.0,1.0,9.0,3.0,2.0,6.0,3.0,5034.0,73.91,209.43,95%,45.95,2.0,0.0,4.0,1.0,1.0,1.0,1.0
24370,6572.0,Smyth,Virginia,4.0,2.0,11.0,3.0,3.0,6.0,4.0,1528.0,73.88,182.96,100%,45.95,4.0,0.0,6.0,2.0,2.0,2.0,2.0
24375,1611.0,Smyth,Virginia,2.0,0.0,7.0,2.0,1.0,4.0,2.0,0.0,0.0,0.0,72%,79.99,2.0,0.0,4.0,1.0,1.0,1.0,1.0
23837,4298.0,Southampton,Virginia,3.0,0.0,8.0,1.0,1.0,3.0,2.0,306.0,73.51,212.63,57%,69.99,2.0,0.0,4.0,1.0,1.0,1.0,1.0
23866,2237.0,Southampton,Virginia,2.0,0.0,7.0,1.0,1.0,3.0,2.0,80.0,59.6,111.78,36%,69.99,2.0,0.0,4.0,1.0,1.0,1.0,1.0
23878,1118.0,Southampton,Virginia,2.0,0.0,6.0,1.0,1.0,3.0,2.0,10.0,94.48,156.03,45%,69.99,2.0,0.0,4.0,1.0,1.0,1.0,1.0
22407,54962.0,Spotsylvania,Virginia,5.0,1.0,12.0,3.0,3.0,6.0,4.0,65770.0,122.53,347.2,99%,39.99,5.0,1.0,8.0,4.0,3.0,5.0,3.0
22408,26851.0,Spotsylvania,Virginia,5.0,1.0,12.0,3.0,3.0,6.0,4.0,23684.0,248.46,535.51,99%,39.99,5.0,0.0,7.0,3.0,3.0,3.0,3.0
22534,2796.0,Spotsylvania,Virginia,3.0,1.0,9.0,1.0,1.0,3.0,2.0,1170.0,5.92,13.8,91%,79.99,2.0,2.0,6.0,1.0,1.0,2.0,1.0
22551,19242.0,Spotsylvania,Virginia,4.0,2.0,12.0,2.0,2.0,5.0,3.0,12776.0,161.86,523.37,95%,39.99,3.0,3.0,8.0,2.0,2.0,3.0,2.0
22553,13935.0,Spotsylvania,Virginia,4.0,1.0,11.0,2.0,2.0,5.0,3.0,1966.0,109.08,314.17,99%,39.99,3.0,2.0,7.0,2.0,2.0,3.0,2.0
22405,29152.0,Stafford,Virginia,5.0,0.0,11.0,3.0,3.0,5.0,3.0,72092.0,203.69,505.69,100%,39.99,5.0,0.0,7.0,3.0,3.0,3.0,3.0
22406,20757.0,Stafford,Virginia,5.0,1.0,12.0,3.0,3.0,6.0,4.0,16496.0,87.84,201.71,99%,39.99,4.0,0.0,6.0,3.0,3.0,3.0,3.0
22554,51463.0,Stafford,Virginia,4.0,1.0,11.0,2.0,2.0,5.0,3.0,95780.0,117.1,308.14,99%,39.99,3.0,0.0,5.0,2.0,2.0,2.0,2.0
22556,25675.0,Stafford,Virginia,4.0,0.0,10.0,2.0,2.0,4.0,2.0,16168.0,100.87,268.99,100%,39.99,3.0,0.0,5.0,2.0,2.0,2.0,2.0
24401,35499.0,Staunton,Virginia,8.0,3.0,16.0,3.0,3.0,6.0,4.0,26886.0,65.27,211.39,100%,59.95,7.0,2.0,11.0,2.0,2.0,3.0,2.0
23432,1538.0,Suffolk,Virginia,4.0,0.0,9.0,2.0,2.0,4.0,3.0,84.0,31.81,81.0,100%,69.99,2.0,0.0,4.0,1.0,1.0,1.0,1.0
23433,1218.0,Suffolk,Virginia,2.0,0.0,7.0,1.0,1.0,3.0,2.0,28.0,7.39,28.94,100%,69.99,2.0,0.0,4.0,1.0,1.0,1.0,1.0
23434,47670.0,Suffolk,Virginia,4.0,0.0,9.0,2.0,2.0,4.0,3.0,16988.0,134.21,341.47,98%,69.99,2.0,0.0,4.0,1.0,1.0,1.0,1.0
23435,27053.0,Suffolk,Virginia,6.0,0.0,11.0,4.0,4.0,6.0,5.0,8624.0,40.83,101.73,99%,39.99,4.0,0.0,6.0,3.0,3.0,3.0,3.0
23437,4283.0,Suffolk,Virginia,3.0,0.0,8.0,1.0,1.0,3.0,2.0,72.0,47.2,136.98,58%,69.99,2.0,0.0,4.0,1.0,1.0,1.0,1.0
23438,1818.0,Suffolk,Virginia,2.0,0.0,8.0,1.0,1.0,3.0,2.0,336.0,169.71,429.22,43%,69.99,2.0,0.0,4.0,1.0,1.0,1.0,1.0
23846,933.0,Surry,Virginia,1.0,0.0,6.0,1.0,1.0,3.0,2.0,16.0,12.05,45.12,19%,49.0,1.0,0.0,3.0,0.0,0.0,0.0,0.0
23881,2176.0,Surry,Virginia,2.0,0.0,7.0,1.0,1.0,3.0,2.0,34.0,7.54,15.65,5%,49.0,1.0,0.0,3.0,0.0,0.0,0.0,0.0
23883,2551.0,Surry,Virginia,2.0,0.0,7.0,1.0,1.0,3.0,2.0,342.0,2.99,6.27,0%,69.99,2.0,0.0,4.0,1.0,1.0,1.0,1.0
23888,2275.0,Sussex,Virginia,4.0,0.0,9.0,2.0,2.0,4.0,3.0,136.0,52.63,110.5,68%,49.0,2.0,0.0,4.0,1.0,1.0,1.0,1.0
23890,4249.0,Sussex,Virginia,5.0,0.0,10.0,3.0,3.0,5.0,4.0,74.0,25.48,48.85,60%,49.0,2.0,0.0,4.0,1.0,1.0,1.0,1.0
23891,2358.0,Sussex,Virginia,1.0,0.0,6.0,1.0,0.0,3.0,1.0,0.0,0.0,0.0,0%,49.0,0.0,0.0,2.0,0.0,0.0,0.0,0.0
24377,348.0,Tazewell,Virginia,1.0,1.0,6.0,0.0,0.0,3.0,1.0,4.0,15.6,24.16,98%,85.0,1.0,1.0,4.0,0.0,0.0,1.0,0.0
24605,9301.0,Tazewell,Virginia,4.0,1.0,11.0,2.0,2.0,5.0,3.0,2984.0,43.8,93.18,100%,45.95,2.0,2.0,6.0,1.0,1.0,2.0,1.0
24609,7630.0,Tazewell,Virginia,6.0,2.0,13.0,4.0,4.0,7.0,5.0,1718.0,69.52,173.34,97%,45.95,3.0,2.0,7.0,2.0,1.0,3.0,1.0
24613,911.0,Tazewell,Virginia,4.0,1.0,10.0,2.0,2.0,5.0,3.0,0.0,0.0,0.0,98%,45.95,2.0,2.0,6.0,1.0,1.0,2.0,1.0
24630,6774.0,Tazewell,Virginia,5.0,1.0,12.0,3.0,3.0,6.0,4.0,1716.0,27.38,82.78,100%,45.95,3.0,2.0,7.0,2.0,1.0,3.0,1.0
24637,3410.0,Tazewell,Virginia,3.0,2.0,10.0,2.0,2.0,5.0,3.0,686.0,45.83,111.94,99%,45.95,2.0,2.0,6.0,1.0,0.0,2.0,0.0
24639,3533.0,Tazewell,Virginia,5.0,2.0,12.0,3.0,3.0,6.0,3.0,338.0,25.95,87.39,98%,45.95,2.0,2.0,6.0,1.0,0.0,2.0,0.0
24641,5953.0,Tazewell,Virginia,5.0,2.0,12.0,3.0,3.0,6.0,3.0,2750.0,40.02,107.2,100%,45.95,3.0,1.0,6.0,2.0,1.0,3.0,1.0
24651,6314.0,Tazewell,Virginia,6.0,2.0,13.0,4.0,4.0,7.0,5.0,6468.0,67.86,190.94,99%,45.95,5.0,2.0,9.0,2.0,1.0,3.0,1.0
23451,41544.0,Virginia Beach,Virginia,5.0,0.0,10.0,3.0,3.0,5.0,4.0,78198.0,103.37,255.01,95%,39.99,4.0,0.0,6.0,2.0,2.0,2.0,2.0
23452,59321.0,Virginia Beach,Virginia,5.0,0.0,10.0,3.0,3.0,5.0,4.0,69186.0,141.27,443.13,100%,39.99,3.0,0.0,5.0,2.0,2.0,2.0,2.0
23453,35960.0,Virginia Beach,Virginia,4.0,0.0,9.0,2.0,2.0,4.0,3.0,17718.0,73.27,176.56,98%,39.99,3.0,0.0,5.0,2.0,2.0,2.0,2.0
23454,60283.0,Virginia Beach,Virginia,5.0,0.0,10.0,3.0,3.0,5.0,4.0,52594.0,91.63,257.1,99%,39.99,3.0,0.0,5.0,2.0,2.0,2.0,2.0
23455,47938.0,Virginia Beach,Virginia,6.0,0.0,11.0,4.0,4.0,6.0,5.0,24018.0,83.76,233.83,93%,39.99,4.0,0.0,6.0,3.0,3.0,3.0,3.0
23456,51748.0,Virginia Beach,Virginia,5.0,0.0,10.0,3.0,3.0,5.0,4.0,98056.0,92.21,230.12,97%,39.99,4.0,0.0,6.0,3.0,3.0,3.0,3.0
23457,4289.0,Virginia Beach,Virginia,3.0,0.0,8.0,1.0,1.0,3.0,2.0,40.0,7.84,15.28,98%,65.99,2.0,0.0,4.0,1.0,1.0,1.0,1.0
23459,1091.0,Virginia Beach,Virginia,4.0,0.0,9.0,3.0,3.0,5.0,4.0,120.0,13.84,70.85,100%,39.99,2.0,0.0,4.0,1.0,1.0,1.0,1.0
23460,1201.0,Virginia Beach,Virginia,1.0,0.0,6.0,1.0,1.0,3.0,2.0,1412.0,8.19,22.58,100%,65.99,1.0,0.0,3.0,1.0,1.0,1.0,1.0
23461,287.0,Virginia Beach,Virginia,2.0,0.0,7.0,1.0,1.0,3.0,2.0,188.0,10.17,24.62,0%,65.99,1.0,0.0,3.0,0.0,0.0,0.0,0.0
23462,61973.0,Virginia Beach,Virginia,4.0,0.0,9.0,2.0,2.0,4.0,3.0,89110.0,106.78,289.58,100%,39.99,3.0,0.0,5.0,2.0,2.0,2.0,2.0
23464,72359.0,Virginia Beach,Virginia,5.0,0.0,10.0,3.0,3.0,5.0,4.0,84262.0,108.46,294.07,99%,39.99,3.0,0.0,5.0,2.0,2.0,2.0,2.0
22610,1842.0,Warren,Virginia,2.0,2.0,9.0,2.0,1.0,6.0,2.0,2166.0,58.86,177.12,79%,79.99,2.0,0.0,4.0,1.0,1.0,1.0,1.0
22630,30292.0,Warren,Virginia,4.0,2.0,11.0,3.0,2.0,7.0,3.0,28180.0,90.16,233.77,100%,39.99,4.0,0.0,6.0,3.0,2.0,3.0,2.0
22642,4414.0,Warren,Virginia,3.0,3.0,11.0,2.0,1.0,6.0,2.0,442.0,38.71,95.79,100%,79.99,3.0,0.0,5.0,2.0,1.0,2.0,1.0
24202,12905.0,Washington,Virginia,6.0,1.0,12.0,6.0,6.0,8.0,6.0,5550.0,77.74,278.41,100%,45.95,5.0,0.0,7.0,5.0,3.0,5.0,3.0
24210,16840.0,Washington,Virginia,3.0,1.0,9.0,3.0,3.0,5.0,3.0,15654.0,85.88,223.02,99%,45.95,3.0,0.0,5.0,2.0,2.0,2.0,2.0
24211,9922.0,Washington,Virginia,5.0,1.0,11.0,5.0,5.0,7.0,5.0,3310.0,70.22,211.99,99%,45.95,3.0,0.0,5.0,2.0,2.0,2.0,2.0
24236,3085.0,Washington,Virginia,3.0,1.0,9.0,3.0,2.0,5.0,2.0,930.0,6.86,15.55,99%,45.95,4.0,0.0,6.0,2.0,2.0,2.0,2.0
24340,5657.0,Washington,Virginia,3.0,1.0,9.0,3.0,2.0,5.0,2.0,446.0,18.81,46.05,99%,45.95,3.0,0.0,5.0,2.0,2.0,2.0,2.0
24361,5431.0,Washington,Virginia,3.0,1.0,9.0,3.0,3.0,5.0,3.0,58.0,9.02,23.35,99%,45.95,3.0,0.0,5.0,2.0,2.0,2.0,2.0
22980,31451.0,Waynesboro,Virginia,6.0,3.0,14.0,3.0,3.0,6.0,4.0,64634.0,99.66,263.81,99%,44.95,6.0,1.0,9.0,3.0,3.0,3.0,3.0
22443,8083.0,Westmoreland,Virginia,3.0,3.0,11.0,1.0,1.0,5.0,2.0,7234.0,100.77,467.17,94%,39.99,3.0,1.0,6.0,1.0,0.0,2.0,0.0
22469,1921.0,Westmoreland,Virginia,3.0,2.0,10.0,1.0,1.0,4.0,2.0,0.0,0.0,0.0,94%,39.99,2.0,1.0,5.0,1.0,0.0,2.0,0.0
22488,1398.0,Westmoreland,Virginia,3.0,2.0,9.0,1.0,1.0,3.0,2.0,96.0,2.81,7.94,87%,39.99,2.0,1.0,5.0,1.0,0.0,2.0,0.0
22520,5402.0,Westmoreland,Virginia,4.0,2.0,11.0,2.0,2.0,5.0,2.0,136.0,134.61,204.26,90%,39.99,2.0,1.0,5.0,1.0,0.0,2.0,0.0
22601,27813.0,Winchester,Virginia,5.0,1.0,12.0,2.0,2.0,5.0,2.0,46754.0,136.25,334.26,100%,39.99,4.0,1.0,7.0,2.0,2.0,2.0,2.0
24216,2939.0,Wise,Virginia,6.0,1.0,11.0,4.0,3.0,7.0,3.0,42.0,26.37,90.5,95%,45.95,3.0,0.0,5.0,2.0,0.0,2.0,0.0
24219,11265.0,Wise,Virginia,5.0,0.0,10.0,3.0,3.0,5.0,3.0,1272.0,63.99,191.83,99%,45.95,4.0,0.0,6.0,3.0,1.0,3.0,1.0
24230,9597.0,Wise,Virginia,6.0,2.0,13.0,3.0,3.0,6.0,3.0,1074.0,31.8,101.18,95%,45.95,4.0,0.0,6.0,2.0,0.0,2.0,0.0
24279,5541.0,Wise,Virginia,5.0,2.0,11.0,3.0,3.0,7.0,3.0,0.0,0.0,0.0,97%,45.95,2.0,0.0,4.0,1.0,0.0,1.0,0.0
24283,2171.0,Wise,Virginia,6.0,1.0,11.0,4.0,4.0,6.0,4.0,360.0,104.33,304.16,93%,45.95,4.0,0.0,6.0,3.0,1.0,3.0,1.0
24293,10791.0,Wise,Virginia,5.0,1.0,10.0,3.0,3.0,6.0,3.0,8926.0,72.0,211.03,98%,45.95,2.0,0.0,4.0,1.0,0.0,1.0,0.0
24313,884.0,Wythe,Virginia,3.0,2.0,11.0,2.0,1.0,5.0,2.0,92.0,29.91,50.28,98%,59.95,2.0,1.0,5.0,1.0,0.0,1.0,0.0
24350,1261.0,Wythe,Virginia,3.0,2.0,11.0,3.0,1.0,5.0,2.0,188.0,12.14,34.56,76%,45.95,2.0,0.0,4.0,1.0,0.0,1.0,0.0
24360,6169.0,Wythe,Virginia,5.0,2.0,13.0,5.0,3.0,8.0,4.0,1802.0,18.12,43.69,95%,45.95,3.0,2.0,7.0,2.0,1.0,3.0,1.0
24368,4953.0,Wythe,Virginia,5.0,2.0,13.0,5.0,4.0,8.0,5.0,210.0,17.6,26.83,76%,45.95,4.0,1.0,7.0,3.0,3.0,4.0,3.0
24382,14366.0,Wythe,Virginia,9.0,4.0,19.0,7.0,6.0,11.0,7.0,12214.0,100.5,199.39,95%,45.95,8.0,2.0,12.0,6.0,5.0,7.0,5.0
23665,5120.0,York,Virginia,4.0,0.0,9.0,2.0,2.0,4.0,3.0,792.0,79.0,217.76,92%,39.99,3.0,0.0,5.0,2.0,2.0,2.0,2.0
23690,3032.0,York,Virginia,4.0,0.0,9.0,2.0,2.0,4.0,3.0,32.0,43.19,81.7,91%,39.99,3.0,0.0,5.0,2.0,2.0,2.0,2.0
23691,127.0,York,Virginia,1.0,0.0,6.0,1.0,1.0,3.0,2.0,0.0,0.0,0.0,100%,65.99,1.0,0.0,3.0,1.0,1.0,1.0,1.0
23692,18846.0,York,Virginia,4.0,0.0,9.0,2.0,2.0,4.0,3.0,5828.0,69.58,153.32,100%,39.99,3.0,0.0,5.0,2.0,2.0,2.0,2.0
23693,23292.0,York,Virginia,5.0,0.0,10.0,3.0,3.0,5.0,4.0,26902.0,120.24,320.93,100%,39.99,3.0,0.0,5.0,2.0,2.0,2.0,2.0
23696,3669.0,York,Virginia,4.0,0.0,9.0,2.0,2.0,4.0,3.0,0.0,0.0,0.0,100%,39.99,2.0,0.0,4.0,1.0,1.0,1.0,1.0
